member_id,prioritization_score,rank
8227,0.8071366,1
6353,0.76430607,2
4547,0.76357615,3
5464,0.7569252,4
595,0.7509322,5
1439,0.7466314,6
6381,0.73216367,7
7621,0.7314012,8
330,0.72561073,9
2410,0.72232676,10
5297,0.72200716,11
8132,0.71373683,12
2355,0.70605385,13
4020,0.7049072,14
2877,0.703224,15
6447,0.6971888,16
1360,0.69316316,17
3932,0.6920239,18
5035,0.6871763,19
3047,0.6871276,20
2711,0.68634224,21
8814,0.6851705,22
898,0.6840063,23
7467,0.6823014,24
8505,0.67686796,25
9280,0.6764902,26
1317,0.6664194,27
6089,0.6654446,28
8982,0.66519594,29
4385,0.66195905,30
7530,0.6618905,31
9022,0.65744174,32
6702,0.6531066,33
8383,0.6441991,34
2295,0.63935536,35
3611,0.639019,36
9381,0.6374953,37
5412,0.6343809,38
7009,0.63411534,39
8340,0.63036823,40
7704,0.62939906,41
7092,0.6281991,42
8631,0.62813103,43
9488,0.6273579,44
5587,0.62331045,45
17,0.6220888,46
5791,0.6208136,47
1085,0.61739063,48
8860,0.6170353,49
9252,0.61436963,50
9077,0.614257,51
9146,0.6073687,52
5871,0.60733277,53
7023,0.6045761,54
3991,0.6015789,55
9689,0.5985506,56
442,0.597173,57
2925,0.59700155,58
4325,0.59693444,59
576,0.596899,60
4657,0.59682834,61
4192,0.5966027,62
465,0.59635293,63
2271,0.59615254,64
9944,0.59519583,65
5272,0.59477377,66
3829,0.5915623,67
2835,0.589847,68
8515,0.58804464,69
9590,0.5879433,70
3312,0.5860033,71
8228,0.58529586,72
7375,0.5852174,73
234,0.5841824,74
3223,0.5835047,75
7485,0.5832257,76
4324,0.58319354,77
3785,0.5825178,78
1584,0.5815922,79
3154,0.5800438,80
9295,0.57887554,81
8511,0.5785409,82
7525,0.57453966,83
4227,0.5737965,84
2910,0.5734167,85
1010,0.5729558,86
7785,0.5723282,87
3842,0.5709724,88
9245,0.56911874,89
8145,0.5683587,90
1154,0.56782705,91
1283,0.5676919,92
412,0.5675436,93
8244,0.56684315,94
1416,0.56626225,95
581,0.5660929,96
8394,0.564347,97
4507,0.5633543,98
2171,0.5621281,99
2409,0.5594883,100
852,0.55938286,101
4457,0.5593786,102
7714,0.5589717,103
8803,0.55844504,104
7369,0.558298,105
7825,0.5573909,106
6753,0.5568565,107
7921,0.5567622,108
9192,0.5548521,109
3239,0.55437714,110
6252,0.55397546,111
5867,0.55395925,112
7871,0.55337393,113
1754,0.55151427,114
8199,0.5509168,115
1142,0.5506103,116
8107,0.5466192,117
8812,0.54654074,118
6322,0.5461552,119
3194,0.54605114,120
5969,0.5455357,121
3244,0.54458594,122
9278,0.54454195,123
4185,0.5421872,124
89,0.54205966,125
3093,0.54175603,126
9537,0.5398266,127
9076,0.5398038,128
9776,0.5396316,129
3498,0.5395931,130
6420,0.5385314,131
7683,0.5381199,132
8190,0.53769845,133
7461,0.5368435,134
7051,0.5357099,135
3872,0.5356155,136
4456,0.5310815,137
9639,0.53095794,138
8764,0.52935755,139
5657,0.52935463,140
1522,0.52912796,141
1919,0.52850926,142
7708,0.5278861,143
7969,0.52778333,144
5320,0.52733403,145
1991,0.526297,146
9504,0.5253539,147
2053,0.52464944,148
5259,0.524274,149
5568,0.52240235,150
3440,0.5223173,151
8060,0.52225065,152
311,0.5220569,153
7236,0.521801,154
1741,0.5217572,155
4670,0.5216651,156
8940,0.52096057,157
5288,0.52085626,158
8655,0.51877356,159
198,0.51773494,160
4056,0.5175617,161
3720,0.5169499,162
4509,0.5167249,163
4455,0.51486963,164
9890,0.5135141,165
1308,0.5134249,166
9491,0.5126845,167
2140,0.51151454,168
6528,0.5115074,169
4653,0.5114151,170
5527,0.5094485,171
1716,0.5092886,172
1849,0.5089774,173
9808,0.50881666,174
2585,0.5081446,175
8934,0.5073093,176
9994,0.5072488,177
6108,0.507077,178
4505,0.50622106,179
6560,0.5053837,180
2336,0.50508696,181
7827,0.5046807,182
8720,0.5046655,183
229,0.50440013,184
1808,0.5041683,185
9644,0.5034888,186
5223,0.50223404,187
5439,0.5022063,188
6887,0.5021891,189
9130,0.5018214,190
8178,0.5017338,191
8960,0.5016885,192
1748,0.50143206,193
2168,0.50020933,194
3464,0.4999575,195
7087,0.49956748,196
1073,0.4985002,197
650,0.49849755,198
2714,0.4983174,199
8402,0.49792504,200
1115,0.4972822,201
6601,0.49723873,202
9085,0.4969776,203
4664,0.49668136,204
9460,0.49564177,205
8150,0.4954647,206
2680,0.49521095,207
841,0.4947711,208
2964,0.49467856,209
9809,0.4936785,210
6744,0.49220952,211
9123,0.49122262,212
5459,0.49121433,213
9718,0.49067977,214
2247,0.49046552,215
6225,0.49000442,216
2463,0.48941293,217
3477,0.4890154,218
9484,0.4878491,219
1997,0.48772615,220
3072,0.48754907,221
7970,0.48728627,222
817,0.48644635,223
9927,0.48613667,224
5973,0.48612204,225
2245,0.48560718,226
9985,0.48510748,227
8188,0.4832919,228
2944,0.48301196,229
2488,0.48217928,230
470,0.48108116,231
3389,0.47949225,232
8956,0.47837743,233
3261,0.47604364,234
9552,0.47560656,235
553,0.47397596,236
1751,0.47377428,237
2495,0.47270095,238
3111,0.47251952,239
7021,0.47215798,240
8739,0.47165525,241
3324,0.4714391,242
1885,0.47141773,243
1978,0.47093526,244
4019,0.4696922,245
1866,0.46959007,246
2156,0.46936485,247
3822,0.46835753,248
7293,0.4680654,249
4916,0.46742362,250
9588,0.46728247,251
2377,0.46713823,252
819,0.46667856,253
571,0.46659058,254
7373,0.46652415,255
4469,0.4662421,256
8725,0.46584412,257
6811,0.46574974,258
2797,0.46533462,259
9054,0.46506438,260
3421,0.46482873,261
4400,0.46337894,262
8522,0.46336007,263
5772,0.46320796,264
2578,0.46301746,265
1601,0.46276307,266
7323,0.46210063,267
7580,0.46206167,268
9785,0.4619261,269
8453,0.46160495,270
1200,0.4609304,271
1968,0.46079475,272
3460,0.4591712,273
9557,0.45907733,274
6035,0.45906633,275
6253,0.4587416,276
1167,0.45843214,277
6297,0.45792913,278
142,0.4572042,279
6384,0.4569589,280
1237,0.4569201,281
7553,0.45535886,282
362,0.4551552,283
7882,0.45501867,284
8304,0.45497367,285
8667,0.45454818,286
6674,0.45386118,287
9184,0.4537905,288
4553,0.45376682,289
8002,0.45309016,290
4068,0.45292822,291
6367,0.45213673,292
6519,0.45201337,293
8820,0.4512856,294
332,0.45112938,295
1088,0.45102322,296
8294,0.45002696,297
2716,0.4497396,298
5748,0.449634,299
1474,0.44942972,300
7400,0.44907787,301
2930,0.44902053,302
1124,0.44854924,303
9474,0.44828916,304
1910,0.4478138,305
6531,0.44766814,306
6993,0.44702333,307
3621,0.446203,308
6548,0.44602025,309
7245,0.44594032,310
6045,0.44579554,311
1063,0.4447152,312
2449,0.44460618,313
3316,0.4445297,314
3853,0.44407213,315
5788,0.4432494,316
763,0.44285706,317
2630,0.44265348,318
5199,0.44262657,319
8509,0.44219038,320
6669,0.441821,321
3902,0.44170138,322
7614,0.44004744,323
7779,0.43841994,324
8278,0.4381757,325
838,0.43726903,326
7731,0.437254,327
1781,0.43695796,328
7596,0.43684438,329
9509,0.4367784,330
4594,0.43627083,331
6043,0.4362694,332
9562,0.43578053,333
8005,0.4354589,334
4050,0.43471885,335
1972,0.4345137,336
1177,0.4341105,337
7942,0.43349916,338
1290,0.43310592,339
2469,0.4324009,340
45,0.43234602,341
4944,0.43194965,342
4073,0.43064386,343
6679,0.43039507,344
7520,0.43034807,345
4874,0.4302795,346
2933,0.4301235,347
6725,0.4296667,348
3284,0.4293344,349
8534,0.42917663,350
9955,0.42891347,351
5048,0.42843005,352
7063,0.42806333,353
6919,0.42772287,354
2946,0.42768055,355
1224,0.42733666,356
9269,0.4272069,357
1884,0.42698017,358
5512,0.42692286,359
426,0.42646933,360
2927,0.42568147,361
5818,0.42537582,362
3236,0.4250003,363
4680,0.42477947,364
9569,0.42460293,365
1909,0.4243322,366
2869,0.42405358,367
5072,0.4237649,368
8523,0.42329383,369
9029,0.42318112,370
1454,0.4231519,371
5359,0.42280746,372
939,0.4217874,373
7506,0.421511,374
5878,0.4210349,375
6747,0.42078143,376
2828,0.42068607,377
282,0.42061347,378
9230,0.41907337,379
4795,0.4182173,380
3603,0.41797167,381
8118,0.41782397,382
3175,0.41761154,383
8649,0.41736215,384
1582,0.41725892,385
6196,0.4170661,386
1261,0.4151972,387
7941,0.41511917,388
2146,0.41510814,389
2398,0.4148356,390
2047,0.41450876,391
4609,0.41449386,392
833,0.41398016,393
610,0.41395968,394
615,0.4138009,395
387,0.41352996,396
9634,0.41249046,397
6274,0.41244346,398
634,0.41206506,399
4249,0.41125953,400
1030,0.41104144,401
3759,0.41046378,402
5112,0.41038215,403
6925,0.4100813,404
8361,0.40989625,405
4863,0.40953845,406
3867,0.40937573,407
1621,0.40928155,408
1702,0.40902543,409
4637,0.40872347,410
4116,0.40846032,411
5916,0.4084242,412
2205,0.4081918,413
1634,0.40815374,414
8498,0.40783963,415
4242,0.40779147,416
269,0.40756476,417
2444,0.4071625,418
1243,0.4056432,419
3308,0.40538535,420
9204,0.4051056,421
5296,0.40509942,422
7125,0.4049734,423
3113,0.40420324,424
3936,0.40353438,425
9056,0.40305248,426
2824,0.4030193,427
4079,0.4021973,428
8504,0.40149117,429
9043,0.40126294,430
7285,0.4012475,431
2530,0.40090612,432
5837,0.40047717,433
4394,0.40033597,434
7320,0.4002856,435
8909,0.3989337,436
8147,0.39849687,437
6801,0.3976915,438
9522,0.3974244,439
4189,0.3974175,440
4479,0.39737073,441
2549,0.39730316,442
5910,0.39679316,443
3465,0.39673626,444
9480,0.39623728,445
7041,0.3961271,446
5383,0.3958003,447
6230,0.3953662,448
6999,0.39506155,449
30,0.39477974,450
6523,0.39465854,451
3597,0.3945167,452
4865,0.39442575,453
880,0.394056,454
5329,0.3940518,455
710,0.3940328,456
5000,0.3926347,457
1542,0.3923991,458
2921,0.39142838,459
7883,0.3903972,460
1364,0.39033937,461
3167,0.39009076,462
965,0.38925478,463
5158,0.38915774,464
4697,0.38915563,465
3838,0.3886239,466
674,0.3881961,467
3340,0.3877567,468
3743,0.38753313,469
5953,0.38744915,470
8370,0.38731745,471
6722,0.3868833,472
5039,0.38686916,473
264,0.38670266,474
5951,0.38649166,475
3663,0.3861944,476
3436,0.3861285,477
3442,0.38572168,478
3963,0.38557014,479
8382,0.38549814,480
2893,0.38548088,481
6667,0.38535702,482
193,0.38524824,483
1676,0.38455516,484
2057,0.38448852,485
683,0.38432705,486
7268,0.38330993,487
2440,0.38290602,488
7059,0.3823792,489
295,0.38211957,490
7353,0.382088,491
4793,0.38182783,492
9779,0.38160217,493
7532,0.38146746,494
3524,0.38084418,495
1775,0.3807441,496
8809,0.38057208,497
1958,0.38038653,498
3369,0.37972116,499
3122,0.3796901,500
3363,0.3792231,501
905,0.37859493,502
4757,0.3785949,503
6821,0.37794316,504
4363,0.37769374,505
3630,0.37769198,506
6428,0.37733322,507
7026,0.37686038,508
6269,0.37628376,509
7070,0.37602013,510
1338,0.37596807,511
3665,0.37587535,512
7592,0.37571692,513
2455,0.37493423,514
2285,0.3745703,515
6983,0.37407124,516
8310,0.3732652,517
3462,0.37324637,518
6437,0.37322652,519
1240,0.37279382,520
3342,0.3724162,521
9340,0.3723879,522
296,0.3722515,523
6029,0.37172592,524
536,0.3711969,525
1545,0.3711924,526
7411,0.37071323,527
4766,0.37059602,528
297,0.37039834,529
8749,0.36944997,530
1948,0.36941284,531
7410,0.36877155,532
9057,0.367916,533
7875,0.36777958,534
8472,0.36764252,535
8967,0.36756885,536
5717,0.3674692,537
2703,0.36734986,538
2010,0.36696568,539
3686,0.36650252,540
4660,0.36483067,541
3791,0.3643961,542
2595,0.36366808,543
3323,0.36352217,544
9025,0.36261106,545
910,0.36242586,546
7546,0.36240256,547
1635,0.3623901,548
8913,0.36229122,549
1593,0.36197257,550
1119,0.36157322,551
5856,0.3612157,552
8134,0.36116344,553
8386,0.36087117,554
512,0.36028248,555
7101,0.36022037,556
382,0.36008978,557
5283,0.35966676,558
1935,0.35944617,559
8975,0.3590346,560
3057,0.3589555,561
7261,0.3589272,562
2218,0.35861295,563
6439,0.3575521,564
5153,0.3575477,565
8687,0.35745043,566
3989,0.35741615,567
4178,0.35717717,568
9854,0.35717422,569
2478,0.35675675,570
7341,0.35641038,571
2200,0.3561976,572
9401,0.3558029,573
5786,0.35578865,574
7796,0.35545295,575
8599,0.35529605,576
48,0.35443348,577
6868,0.3543344,578
4717,0.3539555,579
8841,0.35357106,580
3655,0.35320714,581
3741,0.3531927,582
8662,0.35304934,583
2184,0.35281563,584
9469,0.35185304,585
2317,0.35179073,586
6464,0.35091147,587
4809,0.3506034,588
9505,0.35046446,589
7135,0.3503694,590
6019,0.3501135,591
3725,0.35008866,592
988,0.34983543,593
4069,0.3494962,594
375,0.34933123,595
7602,0.34906858,596
1893,0.34895432,597
1527,0.34879148,598
6347,0.34863943,599
4952,0.34842306,600
2238,0.34807,601
8027,0.3480453,602
7709,0.34787482,603
3527,0.34781033,604
3616,0.3477102,605
2188,0.3475157,606
7109,0.34739983,607
5452,0.34737724,608
5208,0.34709024,609
3536,0.34706765,610
9386,0.34665963,611
8741,0.34602472,612
3880,0.34543163,613
1079,0.34535146,614
7107,0.34532243,615
2787,0.34522516,616
6354,0.34496754,617
9442,0.34452626,618
4188,0.34409845,619
612,0.34335586,620
167,0.34332404,621
281,0.34328794,622
4196,0.34328628,623
7254,0.34317616,624
9527,0.34287792,625
7687,0.3421629,626
4698,0.34193623,627
8696,0.34184694,628
4237,0.34162694,629
2248,0.34136796,630
1332,0.34106547,631
3420,0.3408264,632
209,0.34078473,633
7119,0.34076136,634
5046,0.3404684,635
3186,0.34022897,636
7445,0.33999103,637
2639,0.33976823,638
8195,0.33964962,639
3843,0.3395558,640
7242,0.338451,641
3806,0.3379656,642
7867,0.33770344,643
3818,0.33766967,644
2450,0.33727467,645
9290,0.3372458,646
9942,0.33674192,647
7999,0.33672464,648
2586,0.33662587,649
3138,0.3364356,650
3401,0.33618325,651
6285,0.3361457,652
9370,0.3354661,653
1036,0.3351928,654
4046,0.3344925,655
7286,0.3343681,656
7346,0.33406827,657
3562,0.33387822,658
2773,0.3337852,659
7481,0.33372164,660
1365,0.3336898,661
8427,0.33356833,662
9637,0.33344603,663
6409,0.33341032,664
3329,0.33252102,665
6879,0.33221498,666
8221,0.33192852,667
6707,0.33188814,668
6881,0.33168,669
601,0.33162954,670
6683,0.3315791,671
4761,0.33074963,672
9090,0.33063704,673
141,0.3300942,674
4211,0.3299366,675
642,0.32988316,676
5462,0.3294372,677
6900,0.32927597,678
7918,0.32898045,679
1776,0.32893962,680
1322,0.3289047,681
443,0.32867444,682
9698,0.32755667,683
2694,0.3274528,684
6859,0.32731378,685
2411,0.32682276,686
6860,0.32673585,687
9974,0.326665,688
4531,0.3266576,689
8896,0.3263872,690
3292,0.32632446,691
7765,0.32623988,692
7309,0.32611144,693
3786,0.32550925,694
9389,0.32532278,695
4036,0.32482827,696
6878,0.3248105,697
1191,0.32472217,698
5926,0.32470882,699
3266,0.32415712,700
9873,0.3240904,701
7887,0.32398182,702
8808,0.32369614,703
6242,0.3236724,704
9125,0.32330388,705
4085,0.3228572,706
2733,0.3226664,707
4811,0.32243454,708
9135,0.32220718,709
5198,0.32217616,710
2346,0.32187974,711
179,0.32179588,712
3377,0.32175905,713
725,0.3216942,714
6014,0.32158756,715
6871,0.32155043,716
8393,0.32078052,717
5853,0.32065135,718
756,0.32056117,719
8062,0.32049802,720
7486,0.32036954,721
2774,0.32033223,722
7008,0.32028353,723
450,0.31991744,724
1329,0.31979442,725
413,0.31971854,726
4342,0.31971663,727
7934,0.31937987,728
15,0.3191358,729
7767,0.31889123,730
8424,0.31887197,731
6053,0.31853372,732
5026,0.31851053,733
1196,0.31832898,734
449,0.3175481,735
8731,0.31751823,736
5986,0.31748033,737
7939,0.31722146,738
563,0.31713903,739
9812,0.31711513,740
223,0.3168022,741
9312,0.31663817,742
4762,0.31660715,743
4101,0.3162924,744
3635,0.3162518,745
5335,0.31561667,746
6018,0.31542093,747
2438,0.31534117,748
231,0.31491458,749
8566,0.31472242,750
2165,0.31442654,751
2988,0.31416845,752
2682,0.31410617,753
767,0.3139488,754
3775,0.31341124,755
6160,0.31324106,756
5514,0.3127911,757
9737,0.31274155,758
1176,0.3126399,759
3928,0.31217766,760
3575,0.31216615,761
3877,0.31211495,762
7958,0.31203204,763
5184,0.31194752,764
7279,0.3117519,765
9191,0.3117516,766
9411,0.31168342,767
2949,0.31165224,768
9011,0.31131178,769
7904,0.31129235,770
8330,0.31085983,771
9751,0.31081164,772
2721,0.3106293,773
7172,0.31050068,774
6541,0.31013608,775
9266,0.3101005,776
7318,0.31004208,777
3551,0.3095858,778
9437,0.3092723,779
3015,0.30917233,780
2591,0.30894166,781
3291,0.30843002,782
232,0.30822724,783
9444,0.3070141,784
5802,0.30698377,785
5260,0.30683452,786
4439,0.306827,787
1504,0.30681682,788
4749,0.30636865,789
7990,0.30617756,790
390,0.30570173,791
6659,0.30541664,792
12,0.30521953,793
6430,0.30497384,794
7772,0.30489624,795
9655,0.30470437,796
7984,0.30470306,797
3163,0.3046942,798
7148,0.30462027,799
6830,0.3045181,800
8418,0.30422664,801
2286,0.3041451,802
8936,0.30410135,803
1084,0.30398566,804
8508,0.3038079,805
737,0.30364177,806
8205,0.3034423,807
2898,0.3032558,808
2012,0.30299413,809
678,0.30290437,810
2659,0.30247164,811
4824,0.30228078,812
4042,0.30204922,813
7907,0.3019812,814
6640,0.30184922,815
5234,0.30162203,816
8868,0.3014835,817
508,0.30125856,818
5690,0.30117792,819
8031,0.30098295,820
4545,0.30082822,821
3505,0.30040854,822
8971,0.3002838,823
2533,0.3001625,824
960,0.29993877,825
7229,0.2997102,826
1546,0.299252,827
336,0.29923362,828
3781,0.29905796,829
1293,0.29897183,830
8665,0.2989394,831
411,0.2988783,832
13,0.29881263,833
9206,0.29864973,834
2864,0.29844487,835
4957,0.2984407,836
3523,0.29823202,837
3831,0.2981841,838
6154,0.29808837,839
3080,0.29807252,840
8972,0.2978804,841
5146,0.29775155,842
9332,0.29743326,843
4978,0.29740283,844
366,0.29711908,845
9709,0.29687065,846
2744,0.29672265,847
9783,0.29649,848
4658,0.29648829,849
969,0.29640874,850
5828,0.29629356,851
7430,0.29611695,852
3812,0.29582822,853
3704,0.29581314,854
469,0.29560715,855
4702,0.29556364,856
9930,0.2954477,857
4629,0.29535028,858
4586,0.2951374,859
333,0.29463965,860
8773,0.29463065,861
6313,0.29450333,862
9263,0.29393035,863
7294,0.29375875,864
7741,0.29353082,865
1300,0.29352134,866
4145,0.29347804,867
4299,0.2934472,868
4412,0.293378,869
7490,0.2932573,870
8460,0.29323316,871
9501,0.29318294,872
4224,0.2929601,873
4022,0.29258317,874
2852,0.2925197,875
3243,0.29236937,876
8337,0.29220656,877
2097,0.2918242,878
1994,0.2907067,879
9160,0.290364,880
6658,0.29024607,881
8414,0.2902239,882
7012,0.29011148,883
3530,0.29009354,884
1129,0.2899052,885
5787,0.28971165,886
6244,0.28969824,887
9428,0.28938866,888
8246,0.2893279,889
4138,0.2891876,890
4194,0.28917307,891
7427,0.28908074,892
649,0.28902274,893
5641,0.28877866,894
7116,0.28835225,895
826,0.2883329,896
9627,0.28750432,897
2144,0.28742236,898
1452,0.28736132,899
8182,0.28735867,900
2963,0.28717643,901
7364,0.28670508,902
2518,0.28656238,903
3269,0.28646982,904
2077,0.28645357,905
8920,0.2864378,906
8888,0.2864046,907
3953,0.28630847,908
2196,0.2860303,909
3917,0.2857564,910
3793,0.2854833,911
4118,0.28542274,912
9633,0.28535485,913
4524,0.28520817,914
5814,0.285207,915
4250,0.2850976,916
5556,0.28445077,917
9876,0.2841851,918
8346,0.28411043,919
4206,0.28399533,920
7406,0.283794,921
4891,0.28378743,922
9921,0.2836974,923
5124,0.28368777,924
8574,0.28341663,925
8787,0.28206146,926
921,0.2820056,927
2194,0.28200117,928
6373,0.281846,929
6152,0.28184083,930
1029,0.2817557,931
5819,0.2814678,932
3982,0.28137022,933
9498,0.28136253,934
1432,0.28132004,935
3056,0.28112012,936
8769,0.28088897,937
2768,0.2807322,938
7424,0.28027284,939
9334,0.27983147,940
7504,0.2793244,941
4017,0.27921277,942
6020,0.2792036,943
5323,0.2787456,944
2848,0.2786637,945
4183,0.27789444,946
5504,0.27771348,947
2954,0.2774462,948
7388,0.27743948,949
504,0.2773763,950
4745,0.2773623,951
4611,0.2771852,952
9625,0.27716035,953
6296,0.27681085,954
3874,0.27675688,955
1385,0.27671963,956
7150,0.276681,957
5977,0.27655876,958
4326,0.2765373,959
6525,0.27652037,960
4923,0.27617812,961
3124,0.27615377,962
3653,0.2761531,963
9198,0.2758199,964
1600,0.27571523,965
2948,0.27552044,966
578,0.2755143,967
1614,0.27528787,968
114,0.27513486,969
418,0.27483332,970
1098,0.27477902,971
9328,0.27401358,972
3971,0.27368033,973
8577,0.27328742,974
473,0.2732221,975
4853,0.2729302,976
6961,0.27291,977
2061,0.27285367,978
9616,0.27285352,979
6482,0.27261472,980
7585,0.272505,981
7355,0.27248448,982
3379,0.27244246,983
6454,0.2723469,984
8293,0.2722373,985
350,0.27199537,986
860,0.27191132,987
2492,0.27178323,988
3274,0.2716698,989
5095,0.27139795,990
8621,0.27116585,991
3638,0.27077827,992
1139,0.27029747,993
3561,0.27023464,994
7187,0.2699929,995
9430,0.26949108,996
4546,0.269239,997
6422,0.26904625,998
7886,0.26902688,999
6816,0.26888102,1000
5186,0.2686839,1001
8162,0.26863378,1002
8929,0.26853192,1003
6311,0.2684195,1004
9254,0.26838517,1005
6690,0.26838052,1006
3572,0.2683108,1007
7342,0.2681721,1008
8484,0.2679432,1009
7971,0.26791906,1010
3199,0.26775843,1011
2078,0.26758498,1012
3763,0.26748353,1013
2867,0.2672726,1014
9404,0.266675,1015
3237,0.2663138,1016
6362,0.2662195,1017
8083,0.26591188,1018
1665,0.26570994,1019
2606,0.2656818,1020
2747,0.26566947,1021
2748,0.26535416,1022
5242,0.26528463,1023
3585,0.26522896,1024
5675,0.26512247,1025
5075,0.26504153,1026
5282,0.26484966,1027
9542,0.26448804,1028
6050,0.26414877,1029
2712,0.2641257,1030
4347,0.26386595,1031
7810,0.26373434,1032
8111,0.26363772,1033
1914,0.26340973,1034
8049,0.26297587,1035
2382,0.26295573,1036
6563,0.26276094,1037
6692,0.26274955,1038
4597,0.26271945,1039
6814,0.2623523,1040
3434,0.2622503,1041
9376,0.26208428,1042
8776,0.26196706,1043
8528,0.26193392,1044
8686,0.2618075,1045
836,0.26178682,1046
1468,0.2610181,1047
6557,0.2609835,1048
7892,0.26095563,1049
4575,0.26095027,1050
8645,0.26066583,1051
5660,0.25991935,1052
7807,0.25988275,1053
365,0.25973654,1054
8233,0.25968194,1055
8030,0.25957936,1056
3453,0.25955015,1057
4896,0.25944793,1058
1491,0.25935853,1059
9798,0.25932366,1060
6939,0.25917947,1061
8024,0.25914747,1062
663,0.25910687,1063
6325,0.25909495,1064
3298,0.25909427,1065
989,0.25904977,1066
8,0.2590087,1067
9596,0.25866902,1068
1736,0.25856078,1069
1038,0.2585414,1070
4497,0.25846806,1071
7855,0.25836056,1072
9827,0.2583174,1073
483,0.25821102,1074
681,0.2580945,1075
5834,0.25808102,1076
6952,0.2580794,1077
1797,0.25804985,1078
9813,0.25784862,1079
2125,0.25770015,1080
7909,0.25763375,1081
7197,0.25762528,1082
149,0.2574564,1083
8685,0.25734973,1084
9759,0.25707793,1085
8794,0.25673878,1086
3994,0.25652188,1087
1318,0.25635463,1088
8376,0.25605553,1089
7127,0.2556788,1090
9205,0.2556389,1091
3897,0.25558263,1092
7698,0.25533223,1093
6994,0.25506207,1094
9624,0.2544905,1095
1965,0.2544611,1096
6510,0.25433266,1097
1692,0.2536279,1098
448,0.25351572,1099
9594,0.25348014,1100
5779,0.25317627,1101
5663,0.2530566,1102
8612,0.25278473,1103
4,0.25276488,1104
5895,0.2526883,1105
7456,0.25259423,1106
6748,0.25256628,1107
7844,0.25253326,1108
976,0.25222462,1109
6699,0.2518168,1110
4522,0.25178957,1111
881,0.2517779,1112
2815,0.2516386,1113
8297,0.25147057,1114
3272,0.25135285,1115
364,0.2512375,1116
6266,0.25117475,1117
8704,0.2510956,1118
2485,0.25097758,1119
4605,0.25077903,1120
6616,0.2506662,1121
8436,0.25048584,1122
6736,0.25037086,1123
7562,0.25021636,1124
2166,0.2502048,1125
7666,0.25017166,1126
5061,0.24998057,1127
8154,0.2497921,1128
5904,0.24972439,1129
2983,0.24959874,1130
9475,0.24954438,1131
4332,0.24950922,1132
453,0.24941513,1133
161,0.24932826,1134
7030,0.24901712,1135
703,0.24876845,1136
9780,0.24861008,1137
1772,0.24860314,1138
9893,0.24857956,1139
3033,0.24849021,1140
5629,0.24847749,1141
7493,0.24836224,1142
2347,0.24813437,1143
7066,0.2478767,1144
9301,0.24787554,1145
1446,0.24764478,1146
7976,0.2476108,1147
3378,0.2475914,1148
6914,0.24699622,1149
7251,0.24698508,1150
1627,0.2466672,1151
4852,0.24664962,1152
1517,0.24661267,1153
6471,0.24642551,1154
780,0.2463668,1155
5293,0.24630809,1156
6057,0.24623406,1157
276,0.24603772,1158
9810,0.24602473,1159
4754,0.24580073,1160
5222,0.24539036,1161
6788,0.24530074,1162
2468,0.245197,1163
4388,0.2451961,1164
3790,0.24500519,1165
9741,0.24495947,1166
5394,0.24493355,1167
4110,0.24471736,1168
2676,0.24467033,1169
8666,0.2446236,1170
5993,0.24451244,1171
9427,0.24441326,1172
9495,0.24432582,1173
5954,0.24425113,1174
6150,0.24418664,1175
3074,0.24401456,1176
279,0.2438857,1177
7550,0.24377006,1178
2690,0.24376673,1179
2576,0.24376225,1180
6087,0.24372816,1181
2941,0.24370003,1182
2786,0.24367416,1183
8163,0.24363422,1184
7868,0.24355978,1185
7692,0.24324432,1186
7,0.2431776,1187
6917,0.24300823,1188
5427,0.24297744,1189
3778,0.24290138,1190
6715,0.24281341,1191
1067,0.24267054,1192
3418,0.2425555,1193
3336,0.24253356,1194
4049,0.24231899,1195
6586,0.24219519,1196
3570,0.24214554,1197
9203,0.24213064,1198
9039,0.24211913,1199
7164,0.24181974,1200
8322,0.24181479,1201
605,0.24180585,1202
802,0.2417348,1203
768,0.24152225,1204
5941,0.24135935,1205
1785,0.24113137,1206
7803,0.24089807,1207
4596,0.24078006,1208
2960,0.24075657,1209
3164,0.24064603,1210
5076,0.24061567,1211
749,0.24024707,1212
1618,0.24017072,1213
9309,0.24013793,1214
4084,0.23996812,1215
5522,0.23991877,1216
396,0.23962516,1217
7074,0.23932797,1218
2876,0.23927486,1219
1479,0.23888189,1220
457,0.2386244,1221
3152,0.2383365,1222
3904,0.23819926,1223
1679,0.2381478,1224
3582,0.23809296,1225
5401,0.23795837,1226
9995,0.23787701,1227
3322,0.23775482,1228
6703,0.23763245,1229
8477,0.23761648,1230
2460,0.23752642,1231
7948,0.23741072,1232
7382,0.23737335,1233
4246,0.23731798,1234
6530,0.23729086,1235
6959,0.2370255,1236
2060,0.23700398,1237
347,0.23682052,1238
7416,0.23676857,1239
6360,0.23649752,1240
4499,0.23640633,1241
7145,0.23637706,1242
9065,0.23624557,1243
3996,0.23604155,1244
8829,0.2356284,1245
4207,0.2356162,1246
3687,0.23548472,1247
3836,0.23516,1248
5835,0.23511153,1249
9748,0.23491752,1250
8171,0.23458427,1251
3197,0.23458147,1252
5278,0.23458111,1253
4902,0.23450512,1254
6631,0.23428404,1255
658,0.23418164,1256
4901,0.23416024,1257
6078,0.23414665,1258
5145,0.23411727,1259
363,0.23407966,1260
4736,0.23382634,1261
7144,0.23366383,1262
7699,0.23336446,1263
9708,0.23331761,1264
3601,0.23302013,1265
8894,0.23301715,1266
6069,0.23288786,1267
9031,0.23287708,1268
3040,0.23284155,1269
9649,0.2325846,1270
1394,0.23251814,1271
645,0.23238087,1272
1094,0.23233062,1273
5838,0.23225391,1274
879,0.23219502,1275
6489,0.23219386,1276
2735,0.23209298,1277
5463,0.23202103,1278
7540,0.23199588,1279
446,0.23188162,1280
2266,0.23181003,1281
1564,0.23170632,1282
3998,0.23164123,1283
3717,0.23145139,1284
5229,0.231224,1285
8986,0.2311089,1286
9952,0.23063403,1287
273,0.23045877,1288
1386,0.2303918,1289
3999,0.23021346,1290
3929,0.2301423,1291
4920,0.23003697,1292
5694,0.22987324,1293
7029,0.22978622,1294
140,0.22974777,1295
8112,0.22968113,1296
9980,0.22927737,1297
1630,0.22918719,1298
7781,0.22918057,1299
7857,0.22912621,1300
5887,0.22907284,1301
4925,0.2289921,1302
2250,0.22896147,1303
6331,0.22884667,1304
9082,0.22882071,1305
5391,0.22840714,1306
3393,0.22825539,1307
2392,0.22810382,1308
9261,0.22810113,1309
7575,0.22803587,1310
5682,0.22797316,1311
7189,0.22771835,1312
7599,0.22750384,1313
889,0.2271742,1314
318,0.22682118,1315
1534,0.22669661,1316
7259,0.22666389,1317
8918,0.22665331,1318
6017,0.22653222,1319
9513,0.22648638,1320
7995,0.22641248,1321
511,0.22616637,1322
8482,0.22614509,1323
5151,0.22606897,1324
8203,0.22602624,1325
6480,0.22601926,1326
9845,0.22591358,1327
2967,0.22577691,1328
786,0.2256782,1329
6484,0.22555232,1330
7312,0.22554386,1331
4176,0.22548401,1332
8127,0.22540295,1333
1108,0.22536904,1334
4111,0.22520566,1335
2629,0.22508687,1336
2202,0.22508562,1337
2161,0.22501308,1338
1312,0.2249645,1339
1906,0.2249108,1340
9448,0.22471458,1341
9674,0.22467321,1342
9667,0.22445452,1343
5219,0.22438693,1344
4410,0.2243362,1345
8059,0.22416186,1346
4467,0.22410029,1347
1650,0.22408563,1348
4839,0.22401345,1349
8396,0.22396475,1350
867,0.22383016,1351
9951,0.22362316,1352
1267,0.22355193,1353
3178,0.2234987,1354
444,0.22337425,1355
1820,0.22333503,1356
2579,0.22305283,1357
5268,0.22299546,1358
7140,0.22297555,1359
3699,0.22291163,1360
2878,0.22261208,1361
3954,0.22257853,1362
1457,0.22254801,1363
1552,0.22252065,1364
4305,0.22236687,1365
6144,0.22209257,1366
845,0.22199595,1367
6115,0.22195685,1368
8347,0.22189361,1369
9177,0.22171575,1370
5381,0.22171122,1371
7329,0.22169593,1372
7232,0.22166055,1373
3257,0.22147012,1374
3531,0.22136474,1375
3946,0.22130346,1376
3474,0.22124052,1377
4093,0.22093046,1378
6184,0.22086567,1379
8998,0.22068602,1380
7953,0.22066945,1381
5987,0.22056419,1382
9714,0.22037107,1383
528,0.22036394,1384
5436,0.22030288,1385
6121,0.22026348,1386
403,0.22015446,1387
1806,0.22010213,1388
9903,0.2199719,1389
5661,0.2197128,1390
5373,0.2195979,1391
3350,0.2193802,1392
4468,0.21920931,1393
9982,0.21918178,1394
9010,0.21915781,1395
2255,0.21891999,1396
5950,0.21886486,1397
775,0.21883643,1398
4528,0.21874112,1399
6791,0.21870565,1400
8907,0.2185626,1401
3887,0.21853423,1402
1860,0.21853077,1403
629,0.21841234,1404
9236,0.21829623,1405
7181,0.21823889,1406
7851,0.21813273,1407
8085,0.217888,1408
1413,0.21773368,1409
9659,0.21757221,1410
1155,0.21721697,1411
5723,0.21720755,1412
660,0.21707666,1413
1415,0.21698624,1414
7499,0.21691823,1415
3109,0.21687967,1416
7202,0.21678495,1417
8693,0.21676147,1418
7455,0.21658838,1419
4751,0.21658027,1420
9291,0.21654373,1421
7789,0.21650904,1422
9159,0.2165047,1423
2436,0.21643013,1424
3972,0.21630865,1425
206,0.21629858,1426
8068,0.2162112,1427
2580,0.21619129,1428
21,0.21615702,1429
3755,0.21607116,1430
4988,0.21587008,1431
2474,0.21582276,1432
9366,0.21563548,1433
1035,0.21545494,1434
6251,0.21537614,1435
1097,0.21537042,1436
7287,0.21519238,1437
8571,0.21518552,1438
2634,0.21490252,1439
163,0.21487844,1440
5547,0.21472561,1441
2968,0.21457362,1442
6030,0.21448815,1443
6372,0.21439838,1444
7696,0.21437556,1445
9467,0.21428108,1446
4866,0.21422541,1447
1712,0.21419263,1448
1375,0.21409225,1449
2335,0.21399224,1450
6485,0.2138418,1451
3787,0.2136029,1452
7537,0.21356973,1453
5781,0.21353853,1454
2532,0.21343243,1455
6591,0.21334678,1456
4819,0.21332198,1457
6652,0.21322954,1458
7832,0.21304226,1459
2924,0.21302366,1460
4638,0.21299613,1461
5314,0.21292251,1462
1485,0.21284473,1463
2334,0.2128045,1464
5601,0.21235728,1465
7471,0.2122876,1466
7747,0.2122395,1467
9180,0.21217853,1468
1987,0.21210068,1469
647,0.21209729,1470
2674,0.21198547,1471
3473,0.21191972,1472
4195,0.21181768,1473
1907,0.21176928,1474
6924,0.21174598,1475
2780,0.21167278,1476
6826,0.21164799,1477
5488,0.21163929,1478
6546,0.21151167,1479
4209,0.21147317,1480
2847,0.21143031,1481
741,0.21138912,1482
4665,0.21098244,1483
2102,0.21093112,1484
9179,0.21081161,1485
9276,0.21063453,1486
9979,0.21056229,1487
518,0.20992708,1488
3139,0.20988655,1489
4564,0.20973414,1490
6228,0.20971376,1491
9602,0.209665,1492
159,0.20951414,1493
9018,0.20926857,1494
6135,0.20915127,1495
4794,0.20914817,1496
2393,0.20910938,1497
4579,0.2090047,1498
6199,0.20898616,1499
8218,0.20897901,1500
9396,0.20897776,1501
7917,0.20897716,1502
3784,0.20879245,1503
3612,0.20874596,1504
2128,0.2087146,1505
1520,0.20862389,1506
2170,0.2085793,1507
7350,0.20854527,1508
3470,0.20846123,1509
2477,0.20842433,1510
9660,0.20835859,1511
5714,0.2083475,1512
564,0.20832896,1513
5423,0.20828414,1514
3618,0.20813811,1515
8469,0.20789552,1516
2636,0.20784849,1517
9078,0.20752782,1518
480,0.20752609,1519
8840,0.20742482,1520
1813,0.2071597,1521
5467,0.20715111,1522
5961,0.2070154,1523
957,0.2069999,1524
911,0.206877,1525
4964,0.20687205,1526
7037,0.2066276,1527
9933,0.20658767,1528
7468,0.20652932,1529
4265,0.20646673,1530
5826,0.206456,1531
7038,0.20637411,1532
436,0.20636624,1533
5185,0.20614499,1534
125,0.20589405,1535
7497,0.20558989,1536
588,0.20554912,1537
5077,0.20554805,1538
4174,0.2055456,1539
1591,0.20552915,1540
4725,0.20552745,1541
4500,0.20538086,1542
7487,0.2053051,1543
888,0.20517653,1544
8328,0.20511174,1545
7357,0.205024,1546
8158,0.20495969,1547
2796,0.20492184,1548
5284,0.20491147,1549
6348,0.20489554,1550
7782,0.20475793,1551
5227,0.2047298,1552
5052,0.20430106,1553
7801,0.20425487,1554
3106,0.20408267,1555
575,0.20403534,1556
1646,0.20393145,1557
7405,0.20387536,1558
66,0.20382261,1559
3567,0.20379311,1560
7817,0.2037729,1561
9451,0.20367247,1562
5484,0.20325279,1563
8613,0.2032355,1564
5851,0.2032035,1565
6075,0.2029168,1566
3011,0.20288497,1567
7167,0.20275599,1568
8461,0.2026828,1569
1843,0.20260763,1570
7235,0.20236689,1571
7439,0.20228982,1572
4268,0.20204401,1573
5689,0.20198852,1574
6363,0.20156783,1575
9936,0.20148093,1576
7823,0.20144278,1577
131,0.20130736,1578
6844,0.20119107,1579
3749,0.20116466,1580
9906,0.20114976,1581
205,0.20113045,1582
8883,0.20094234,1583
6272,0.2009309,1584
7940,0.20088607,1585
1668,0.20071661,1586
8735,0.20057213,1587
2497,0.20052916,1588
371,0.2004782,1589
646,0.20046532,1590
2394,0.20039791,1591
374,0.20037735,1592
1628,0.2002024,1593
5364,0.20013285,1594
338,0.20011365,1595
7387,0.2000984,1596
1623,0.19999743,1597
5503,0.19960397,1598
210,0.19944757,1599
357,0.19938165,1600
6918,0.19936907,1601
8919,0.19929343,1602
7133,0.19923246,1603
3768,0.19920921,1604
2314,0.199112,1605
1151,0.19899124,1606
3967,0.19890219,1607
1631,0.19888937,1608
6335,0.1986599,1609
1694,0.1984666,1610
516,0.19841897,1611
9335,0.1984182,1612
778,0.19838792,1613
981,0.19838595,1614
9896,0.19830287,1615
3137,0.19825,1616
9127,0.19805509,1617
3431,0.19784147,1618
2235,0.19758564,1619
9069,0.19758308,1620
5465,0.1974001,1621
7873,0.19734746,1622
1397,0.19696319,1623
1422,0.19689786,1624
8637,0.19686508,1625
4234,0.19679123,1626
4556,0.19675487,1627
4358,0.19661623,1628
8553,0.19660378,1629
6677,0.1965999,1630
2619,0.19647098,1631
7412,0.19625199,1632
8623,0.19614184,1633
6598,0.1960308,1634
8186,0.19598806,1635
6027,0.19592732,1636
7152,0.19591367,1637
9394,0.19583875,1638
2594,0.19579118,1639
8435,0.19561982,1640
515,0.19538605,1641
9781,0.19501218,1642
2779,0.19478887,1643
8044,0.194695,1644
3513,0.19462156,1645
8207,0.19457442,1646
2259,0.19455236,1647
1140,0.19453293,1648
3729,0.19450057,1649
9531,0.19449723,1650
8879,0.19430518,1651
1407,0.19426769,1652
5360,0.19418412,1653
3214,0.19394171,1654
9852,0.19392341,1655
9329,0.19387943,1656
9287,0.19364399,1657
3215,0.19360632,1658
7715,0.19349253,1659
9975,0.19329691,1660
6947,0.19323897,1661
4284,0.19316846,1662
1624,0.1931662,1663
1764,0.19311708,1664
8777,0.19303238,1665
2658,0.19299942,1666
55,0.19299477,1667
7177,0.1927529,1668
31,0.19267416,1669
8098,0.19264859,1670
397,0.19227535,1671
4918,0.19212419,1672
5567,0.1920833,1673
8802,0.19189239,1674
7363,0.191791,1675
7088,0.1915735,1676
482,0.19154912,1677
1205,0.19142574,1678
3795,0.19139719,1679
2415,0.19130087,1680
3935,0.19127983,1681
9212,0.19117975,1682
1363,0.19111419,1683
6711,0.19106495,1684
7380,0.19095293,1685
7006,0.19091362,1686
9630,0.19088036,1687
5448,0.19063455,1688
3715,0.19058341,1689
5091,0.19035947,1690
3910,0.1903593,1691
8887,0.1903139,1692
9977,0.19028401,1693
1134,0.19020921,1694
2132,0.19020581,1695
7165,0.19019485,1696
878,0.19010705,1697
1103,0.19008654,1698
3668,0.18987888,1699
6937,0.18961918,1700
7397,0.18956357,1701
315,0.1895011,1702
722,0.1894843,1703
8657,0.18946877,1704
4568,0.18932718,1705
75,0.1893174,1706
5936,0.18929559,1707
6574,0.18926644,1708
1068,0.18923503,1709
7877,0.1891467,1710
6183,0.1891107,1711
6276,0.18910062,1712
8434,0.18878615,1713
9802,0.18869567,1714
1587,0.18868208,1715
1448,0.18866235,1716
6180,0.18851686,1717
1840,0.18843675,1718
611,0.18818629,1719
7491,0.18807435,1720
712,0.18789607,1721
1883,0.18776989,1722
6452,0.18770564,1723
5147,0.18766582,1724
5543,0.18758535,1725
2853,0.1875518,1726
9473,0.18743151,1727
3504,0.18742192,1728
5650,0.18737274,1729
6626,0.18735445,1730
8825,0.18719316,1731
3615,0.18718672,1732
2507,0.18715149,1733
5141,0.18714213,1734
8283,0.18712074,1735
3417,0.18703312,1736
7726,0.18678385,1737
2522,0.18657684,1738
7739,0.18645835,1739
9235,0.18628442,1740
8608,0.18627477,1741
9294,0.18621606,1742
1766,0.18621457,1743
2084,0.18603724,1744
2470,0.18602252,1745
8703,0.18601394,1746
3116,0.18598413,1747
7650,0.18595558,1748
9541,0.18575233,1749
7106,0.18572628,1750
5483,0.18571901,1751
9567,0.18563902,1752
5549,0.18546748,1753
3501,0.18542075,1754
277,0.18535113,1755
3933,0.18535042,1756
7419,0.18528008,1757
6038,0.18521816,1758
1526,0.18508255,1759
6379,0.18503118,1760
7415,0.1848908,1761
8223,0.18479621,1762
4814,0.18463671,1763
5667,0.18458515,1764
1198,0.18456608,1765
8836,0.18448156,1766
241,0.18446547,1767
4403,0.18419102,1768
9383,0.1841343,1769
3482,0.1840607,1770
9563,0.1840589,1771
4166,0.1839534,1772
4081,0.18390495,1773
6370,0.18389696,1774
2490,0.18374205,1775
4567,0.18356049,1776
4672,0.18339646,1777
8090,0.18338925,1778
3294,0.1830988,1779
2465,0.18301237,1780
4630,0.18297952,1781
1863,0.18276703,1782
1711,0.1827448,1783
5269,0.18262535,1784
2523,0.18259782,1785
4161,0.18240768,1786
8471,0.18238217,1787
9439,0.1823166,1788
2117,0.18222135,1789
6509,0.18216616,1790
7057,0.18215448,1791
3595,0.1821227,1792
6453,0.1820386,1793
9248,0.18188024,1794
1530,0.18182355,1795
8507,0.18174934,1796
5470,0.18157196,1797
5432,0.18150437,1798
4968,0.18139774,1799
531,0.18114656,1800
3454,0.18067253,1801
6901,0.18060046,1802
5021,0.18050706,1803
505,0.1804775,1804
3625,0.18047637,1805
4169,0.18028468,1806
2326,0.18011701,1807
4413,0.1799953,1808
587,0.17993975,1809
9247,0.17986768,1810
8057,0.17977467,1811
8255,0.17939031,1812
6013,0.17915577,1813
9315,0.17906225,1814
4938,0.1790523,1815
228,0.17870289,1816
6046,0.17869169,1817
8617,0.17854756,1818
929,0.17841357,1819
3757,0.17831388,1820
9860,0.17831123,1821
3671,0.17829973,1822
2303,0.17829937,1823
5691,0.17811388,1824
5457,0.17810339,1825
7661,0.17808086,1826
9455,0.17807657,1827
5716,0.17786556,1828
4913,0.17784041,1829
6632,0.17777658,1830
8791,0.17769742,1831
7981,0.17756581,1832
2253,0.17751938,1833
3681,0.17743635,1834
8369,0.17737955,1835
7076,0.17721748,1836
8547,0.1771946,1837
8900,0.17717475,1838
1882,0.17712706,1839
608,0.17704862,1840
4973,0.17699772,1841
8301,0.17694741,1842
4977,0.17685694,1843
687,0.17680639,1844
7292,0.17680606,1845
3423,0.17671618,1846
1812,0.17666775,1847
6578,0.17630422,1848
7324,0.1762709,1849
7548,0.1762644,1850
8691,0.17624113,1851
4286,0.17617619,1852
5820,0.17588753,1853
3833,0.17582679,1854
7366,0.17576915,1855
2262,0.17571425,1856
6536,0.17568773,1857
3229,0.17568666,1858
4405,0.17530316,1859
1833,0.17526364,1860
9818,0.17522806,1861
4190,0.17513198,1862
813,0.17508501,1863
835,0.17508209,1864
4444,0.17497611,1865
3263,0.17481655,1866
7533,0.17472404,1867
8040,0.17465883,1868
4566,0.17461692,1869
6338,0.17445213,1870
1244,0.17434323,1871
3449,0.17430109,1872
5107,0.17428344,1873
4940,0.17385459,1874
9402,0.17373025,1875
7651,0.17371804,1876
8455,0.17360932,1877
5722,0.17345268,1878
2446,0.17343336,1879
5290,0.17343211,1880
2556,0.17337608,1881
3374,0.17330855,1882
6008,0.17322588,1883
2818,0.17313576,1884
5273,0.17304307,1885
7453,0.17294693,1886
8309,0.17288148,1887
7514,0.17273813,1888
438,0.17262894,1889
8807,0.17236573,1890
4009,0.1723324,1891
659,0.17231506,1892
4792,0.17223918,1893
4837,0.17212015,1894
9224,0.17211133,1895
7822,0.17209953,1896
1815,0.17198962,1897
7269,0.17197865,1898
7207,0.17189106,1899
8745,0.17179513,1900
4584,0.17160791,1901
787,0.1715079,1902
9285,0.17150712,1903
5751,0.17146784,1904
1819,0.17132854,1905
2284,0.1712864,1906
1615,0.17119503,1907
9611,0.17117602,1908
2313,0.17109233,1909
1610,0.17098069,1910
8028,0.17095044,1911
8215,0.17088526,1912
3367,0.17085582,1913
1760,0.1707719,1914
2986,0.17064214,1915
5706,0.17064178,1916
2624,0.1705867,1917
9846,0.17054832,1918
4053,0.17045754,1919
4066,0.17042363,1920
5054,0.1703986,1921
6249,0.17037451,1922
7826,0.17031264,1923
3481,0.17028975,1924
5086,0.17025107,1925
9526,0.17019844,1926
521,0.17012805,1927
8994,0.17003423,1928
8405,0.16999412,1929
9638,0.16988909,1930
3446,0.16987538,1931
384,0.16972458,1932
6906,0.16964686,1933
3133,0.16958022,1934
3873,0.16944283,1935
9834,0.16938138,1936
3221,0.16933167,1937
7002,0.16930157,1938
6766,0.169285,1939
568,0.16926461,1940
2458,0.16913432,1941
2810,0.16910249,1942
8513,0.16905212,1943
5840,0.16897899,1944
4821,0.16886353,1945
5409,0.16884625,1946
9901,0.16865021,1947
1146,0.16858691,1948
6084,0.16846436,1949
2091,0.16845015,1950
4218,0.1683476,1951
7155,0.1682657,1952
3631,0.16811708,1953
3926,0.16804892,1954
2932,0.16794258,1955
8064,0.16791439,1956
2014,0.16782355,1957
7191,0.16760486,1958
6282,0.16755539,1959
5957,0.16752028,1960
1377,0.16750646,1961
7735,0.16746008,1962
9581,0.16744518,1963
5623,0.16742313,1964
6778,0.16725284,1965
8452,0.16719866,1966
2177,0.167162,1967
196,0.16708648,1968
2546,0.16700542,1969
3571,0.16676575,1970
3658,0.16674322,1971
7998,0.16659456,1972
5011,0.16655809,1973
5783,0.16651523,1974
6514,0.16646123,1975
5873,0.16643101,1976
1276,0.16632485,1977
8333,0.16628826,1978
7097,0.16615802,1979
6904,0.1661489,1980
2360,0.16609317,1981
6239,0.16605234,1982
5906,0.16594553,1983
5194,0.16593057,1984
7371,0.16589367,1985
1892,0.16567338,1986
7208,0.16554391,1987
6457,0.16551971,1988
2121,0.16551286,1989
8298,0.16544253,1990
2339,0.16528237,1991
5119,0.16506523,1992
4654,0.16506416,1993
7180,0.1649059,1994
4175,0.16486466,1995
975,0.16482234,1996
3969,0.16480917,1997
5232,0.16478503,1998
9009,0.16454655,1999
4005,0.16441488,2000
1442,0.1643408,2001
5399,0.16431612,2002
5594,0.1642465,2003
5275,0.16417068,2004
3031,0.16396487,2005
5922,0.16375256,2006
7465,0.1637491,2007
3803,0.16373605,2008
4711,0.16361946,2009
4335,0.16356581,2010
5762,0.1634677,2011
6843,0.16331208,2012
8123,0.16309232,2013
1247,0.1630621,2014
1121,0.16301435,2015
5474,0.16286683,2016
4503,0.16283429,2017
1518,0.16280884,2018
2782,0.162763,2019
7301,0.16275883,2020
5403,0.1627186,2021
3510,0.16263002,2022
5102,0.16261786,2023
5277,0.16236037,2024
5627,0.16229814,2025
7158,0.16227895,2026
3888,0.16226447,2027
2471,0.16216952,2028
5445,0.16196388,2029
6399,0.16193777,2030
1325,0.16183567,2031
1280,0.16175234,2032
3245,0.16156054,2033
9207,0.16151434,2034
9958,0.16136175,2035
5579,0.1610269,2036
2598,0.1610061,2037
3218,0.16100031,2038
7762,0.16098261,2039
1313,0.1609726,2040
8831,0.16096061,2041
1617,0.16078305,2042
2329,0.1606614,2043
7017,0.16048789,2044
8625,0.16045046,2045
2684,0.16044271,2046
3652,0.16017914,2047
4673,0.16010505,2048
6091,0.160002,2049
1345,0.15998363,2050
9764,0.15991837,2051
559,0.1598736,2052
1214,0.1598019,2053
4939,0.15968472,2054
1803,0.15953988,2055
4527,0.15950441,2056
22,0.15949875,2057
8525,0.15949678,2058
6062,0.15942425,2059
8706,0.15931714,2060
9815,0.15929264,2061
1572,0.15921223,2062
3626,0.15918678,2063
9636,0.15889227,2064
1366,0.1587795,2065
8719,0.15876931,2066
620,0.15876794,2067
2070,0.1587385,2068
1759,0.15872943,2069
9821,0.15872401,2070
1227,0.15871626,2071
1596,0.15866292,2072
5610,0.15835625,2073
5712,0.15824008,2074
1153,0.1580913,2075
8576,0.15808171,2076
503,0.15798962,2077
3127,0.15784568,2078
951,0.15778172,2079
8480,0.157691,2080
2738,0.15766627,2081
1473,0.15763992,2082
9420,0.15761197,2083
3079,0.1576041,2084
871,0.15755057,2085
2482,0.15754277,2086
5385,0.15740144,2087
5181,0.15739954,2088
1263,0.15737975,2089
4517,0.15736651,2090
1041,0.15731329,2091
513,0.1572575,2092
216,0.15720946,2093
3222,0.15709484,2094
9117,0.15705523,2095
2199,0.15699202,2096
3846,0.1569255,2097
4437,0.15691304,2098
3422,0.15685278,2099
7379,0.15683764,2100
7099,0.15665573,2101
2764,0.15665519,2102
2353,0.1564802,2103
723,0.15640289,2104
25,0.15632975,2105
7478,0.1563049,2106
9119,0.15624583,2107
7484,0.1561274,2108
4374,0.1561042,2109
4864,0.15606761,2110
3549,0.15605682,2111
776,0.15590513,2112
9778,0.1557501,2113
5389,0.1555515,2114
7938,0.15546983,2115
5366,0.15544349,2116
493,0.15544122,2117
2713,0.15535325,2118
9008,0.15532196,2119
3839,0.15532017,2120
2041,0.155244,2121
1704,0.15507281,2122
9880,0.15504944,2123
8500,0.15473413,2124
3487,0.15451753,2125
9668,0.15451604,2126
9978,0.15439236,2127
377,0.15436363,2128
8173,0.15433282,2129
1032,0.15426832,2130
540,0.15423816,2131
6790,0.15410638,2132
4232,0.15410483,2133
5730,0.15404028,2134
9739,0.15401745,2135
8070,0.15394843,2136
4160,0.1538769,2137
4153,0.1538648,2138
1732,0.15377533,2139
3632,0.15363753,2140
7955,0.15353018,2141
4193,0.15346658,2142
2272,0.15340966,2143
1336,0.1534074,2144
7314,0.15320891,2145
8479,0.15316784,2146
7264,0.1531375,2147
6214,0.15312731,2148
750,0.15306902,2149
6490,0.15306085,2150
6181,0.15305585,2151
9112,0.15304655,2152
1199,0.15295279,2153
3966,0.15288949,2154
3025,0.1528511,2155
7706,0.15282947,2156
7675,0.15276271,2157
5841,0.15263325,2158
5429,0.15255427,2159
1417,0.15252823,2160
1330,0.15247262,2161
9353,0.1524663,2162
7625,0.15233052,2163
83,0.15232772,2164
9035,0.15221238,2165
1598,0.15220946,2166
8021,0.15219027,2167
4983,0.15199184,2168
9763,0.1519829,2169
6397,0.15183562,2170
9629,0.15183395,2171
5050,0.15154153,2172
3914,0.15148169,2173
284,0.15145278,2174
4869,0.15139318,2175
9961,0.15136659,2176
8409,0.15127325,2177
9163,0.15126902,2178
8889,0.15116125,2179
586,0.15106231,2180
4606,0.1510154,2181
8241,0.15096593,2182
572,0.1508596,2183
4008,0.15069062,2184
5468,0.15065551,2185
4307,0.15063792,2186
4700,0.15061072,2187
8184,0.15048015,2188
104,0.1502406,2189
391,0.1501934,2190
1838,0.15016407,2191
4141,0.15015644,2192
4378,0.15012002,2193
4655,0.15007943,2194
8121,0.15006131,2195
322,0.14991409,2196
3577,0.1498782,2197
4845,0.14983717,2198
3149,0.1498146,2199
2193,0.14980567,2200
5368,0.1497156,2201
8863,0.14968526,2202
1727,0.1495868,2203
6769,0.14937353,2204
5068,0.14934117,2205
487,0.14930862,2206
6033,0.14930749,2207
8372,0.14921296,2208
4379,0.14917135,2209
4974,0.1490925,2210
1444,0.14907724,2211
2244,0.14904422,2212
1824,0.14903456,2213
7096,0.14901614,2214
200,0.149001,2215
7912,0.1489858,2216
3395,0.14896917,2217
9976,0.14896691,2218
1964,0.1489411,2219
1223,0.1488998,2220
1571,0.14882988,2221
305,0.1488238,2222
8708,0.14882094,2223
9530,0.14880782,2224
1709,0.14877087,2225
5154,0.14868128,2226
1632,0.14855093,2227
6410,0.14835733,2228
8688,0.14809781,2229
478,0.1480338,2230
7028,0.14803377,2231
8951,0.14796716,2232
1188,0.1479184,2233
9111,0.14780283,2234
136,0.14779359,2235
8898,0.14760256,2236
7297,0.1475668,2237
5550,0.14718771,2238
9687,0.14715487,2239
9422,0.14712238,2240
2017,0.14705557,2241
5507,0.14700657,2242
1357,0.14676952,2243
484,0.14676028,2244
4516,0.14673287,2245
5710,0.14665526,2246
2281,0.14662743,2247
8179,0.14657748,2248
9121,0.14648366,2249
6976,0.1463871,2250
1368,0.14635015,2251
7994,0.14619589,2252
7457,0.14611548,2253
1876,0.14597481,2254
6155,0.14595723,2255
5395,0.14583617,2256
7753,0.14578068,2257
3772,0.14574897,2258
821,0.14566314,2259
3337,0.14558703,2260
1809,0.14555758,2261
2397,0.14551258,2262
4114,0.1454581,2263
8248,0.1451447,2264
4346,0.14510787,2265
1643,0.14509594,2266
9987,0.14503354,2267
7813,0.14501774,2268
8061,0.1449607,2269
5286,0.14494187,2270
1015,0.14480394,2271
6842,0.14448649,2272
7957,0.14446431,2273
2418,0.14442915,2274
3762,0.14439988,2275
1638,0.14437479,2276
9879,0.1443603,2277
9244,0.14435571,2278
4182,0.14433736,2279
8289,0.14432639,2280
7195,0.14424044,2281
5447,0.14421141,2282
9700,0.14413917,2283
1642,0.14409876,2284
958,0.14403284,2285
4805,0.14400762,2286
6569,0.14394706,2287
6774,0.14380383,2288
8760,0.14374071,2289
3185,0.14365822,2290
2732,0.14361274,2291
6922,0.14333129,2292
7744,0.14328533,2293
1573,0.14321744,2294
3620,0.14320731,2295
5375,0.14309865,2296
258,0.14302558,2297
5206,0.14293683,2298
9643,0.14287877,2299
1102,0.14281046,2300
9350,0.14274698,2301
3858,0.14272934,2302
9858,0.14265007,2303
7137,0.14264685,2304
3304,0.1426127,2305
2277,0.14259577,2306
8756,0.14256871,2307
8045,0.1425457,2308
6125,0.14253592,2309
3435,0.14225781,2310
3761,0.14225084,2311
1476,0.14212608,2312
1211,0.14206141,2313
7121,0.14201742,2314
7395,0.14198858,2315
6339,0.14194739,2316
9767,0.14187491,2317
1923,0.14185506,2318
5215,0.1417898,2319
2752,0.14174777,2320
4244,0.14143991,2321
6113,0.14137441,2322
923,0.14118922,2323
1003,0.1410315,2324
7996,0.14100039,2325
7068,0.14098448,2326
2029,0.1409728,2327
637,0.1409539,2328
5793,0.14087933,2329
7333,0.14076084,2330
3636,0.14061779,2331
3187,0.14061451,2332
3241,0.14055395,2333
1034,0.14047009,2334
4781,0.14043361,2335
2695,0.14032394,2336
6770,0.14029098,2337
3305,0.14021999,2338
1059,0.14021564,2339
8000,0.14016724,2340
9186,0.1401338,2341
2865,0.14011896,2342
946,0.14009458,2343
4631,0.14002281,2344
313,0.13995022,2345
7521,0.13987476,2346
6672,0.13963199,2347
6934,0.139606,2348
312,0.13958472,2349
7667,0.13957512,2350
4002,0.13953888,2351
8784,0.13949239,2352
5422,0.1394664,2353
4252,0.13945699,2354
6440,0.13943225,2355
7760,0.13942587,2356
2829,0.13919163,2357
8856,0.13910514,2358
3069,0.13910311,2359
1829,0.13901383,2360
2777,0.13898376,2361
3108,0.13897747,2362
1837,0.13891673,2363
6408,0.13876945,2364
385,0.13863593,2365
6981,0.13849509,2366
9886,0.13841468,2367
6147,0.1384086,2368
1852,0.13834345,2369
8661,0.13827181,2370
4308,0.13821334,2371
1951,0.13817334,2372
5901,0.13813168,2373
263,0.13807815,2374
9139,0.1380601,2375
7131,0.13804239,2376
7505,0.13803422,2377
6134,0.1380102,2378
565,0.13799638,2379
6618,0.1379931,2380
3383,0.1379866,2381
1606,0.13781959,2382
4718,0.13780648,2383
4984,0.13772267,2384
6419,0.13770258,2385
1747,0.13768113,2386
4943,0.13764346,2387
799,0.13761061,2388
6726,0.13751727,2389
3172,0.13745165,2390
3073,0.13732618,2391
4296,0.1373105,2392
8194,0.13725787,2393
8569,0.13722879,2394
218,0.1371612,2395
3467,0.1371367,2396
2019,0.13702458,2397
2614,0.1369912,2398
9862,0.13681424,2399
941,0.13673788,2400
8229,0.13651073,2401
6235,0.13627648,2402
4648,0.13615036,2403
5659,0.13612652,2404
117,0.13608396,2405
667,0.13600117,2406
3412,0.1359433,2407
3559,0.13591337,2408
1061,0.13589698,2409
6818,0.13585562,2410
9772,0.13581955,2411
7623,0.13581741,2412
8012,0.13569838,2413
8890,0.13565344,2414
5424,0.13556713,2415
3326,0.13555855,2416
1992,0.13552505,2417
4282,0.13547474,2418
9866,0.13526273,2419
3330,0.13515371,2420
7837,0.13504934,2421
3438,0.1348769,2422
8377,0.1348738,2423
3125,0.1347357,2424
10000,0.13458377,2425
6071,0.13453466,2426
1301,0.13435656,2427
2505,0.13427907,2428
5807,0.13420922,2429
1399,0.13414067,2430
4799,0.134018,2431
7447,0.13381547,2432
249,0.13378811,2433
7960,0.13377166,2434
2788,0.1337269,2435
9214,0.13370872,2436
3882,0.1336003,2437
1480,0.1334548,2438
3679,0.13345355,2439
4979,0.13341981,2440
4888,0.13333517,2441
9559,0.13319987,2442
6133,0.13319719,2443
1299,0.13317043,2444
4447,0.13308573,2445
7843,0.13297832,2446
2093,0.13294905,2447
3727,0.13278937,2448
8506,0.13275623,2449
3889,0.13273203,2450
3758,0.13263369,2451
3007,0.13256079,2452
6848,0.13246846,2453
7933,0.13241613,2454
9607,0.1323244,2455
2137,0.13229007,2456
7694,0.13228887,2457
5720,0.13217735,2458
3923,0.13192487,2459
744,0.13182956,2460
8917,0.1317702,2461
5008,0.13176882,2462
2628,0.1317203,2463
1374,0.1316958,2464
9750,0.13158923,2465
8775,0.13147438,2466
7549,0.1313501,2467
8449,0.13130885,2468
5763,0.131271,2469
2163,0.13125789,2470
3059,0.13108867,2471
6077,0.13108325,2472
6807,0.13103253,2473
9882,0.13097638,2474
2583,0.1309433,2475
7422,0.13090438,2476
8851,0.1308884,2477
1555,0.13088554,2478
9688,0.13070458,2479
6233,0.13068616,2480
3317,0.13061208,2481
6755,0.13056117,2482
7128,0.13055235,2483
6940,0.13046688,2484
6960,0.13045424,2485
7089,0.13042974,2486
7963,0.13036847,2487
4086,0.13020098,2488
2879,0.130036,2489
5938,0.13003117,2490
4721,0.12990284,2491
602,0.12989658,2492
6161,0.12988102,2493
2461,0.1297586,2494
779,0.12970239,2495
5684,0.12967902,2496
4747,0.12964827,2497
7351,0.1296353,2498
4408,0.12944579,2499
7231,0.12934023,2500
9176,0.12925464,2501
1802,0.12923461,2502
2604,0.12919664,2503
2261,0.12909555,2504
1980,0.12902707,2505
9603,0.12900698,2506
4104,0.12880635,2507
2023,0.1287818,2508
892,0.12868065,2509
5315,0.12859285,2510
7900,0.12857234,2511
6309,0.12851429,2512
8805,0.12836617,2513
1090,0.12830412,2514
1675,0.12827295,2515
4936,0.12825412,2516
6232,0.12823403,2517
7393,0.12815958,2518
830,0.12808144,2519
6780,0.12804401,2520
3039,0.12796259,2521
2429,0.12796181,2522
2741,0.12794697,2523
3512,0.12787175,2524
5513,0.1276477,2525
4931,0.12763077,2526
815,0.127595,2527
8365,0.12756485,2528
7095,0.12755209,2529
6174,0.12752134,2530
6932,0.1274246,2531
7997,0.1272763,2532
4075,0.12720507,2533
6819,0.1272046,2534
2043,0.12719965,2535
1746,0.12715465,2536
5205,0.12710601,2537
8555,0.1270557,2538
6678,0.12682164,2539
6581,0.12679714,2540
5975,0.12669688,2541
6761,0.12666547,2542
2568,0.12662846,2543
5666,0.12662637,2544
6561,0.12661582,2545
3978,0.12659991,2546
3667,0.12636673,2547
3240,0.12636518,2548
43,0.12632954,2549
3141,0.1262716,2550
4130,0.1262492,2551
546,0.12598747,2552
5985,0.12596059,2553
8239,0.12591988,2554
2126,0.12583268,2555
4453,0.12580913,2556
4810,0.1257987,2557
1241,0.125763,2558
1254,0.12571675,2559
5981,0.12570584,2560
6853,0.12558112,2561
461,0.12554234,2562
8729,0.12534028,2563
5863,0.12533557,2564
6923,0.12531435,2565
6212,0.12517065,2566
5495,0.12502342,2567
404,0.1250233,2568
8880,0.12500376,2569
7930,0.12497234,2570
4954,0.1249575,2571
5493,0.12492943,2572
3718,0.124893904,2573
3756,0.12488985,2574
619,0.12484902,2575
704,0.12482542,2576
2267,0.124816656,2577
5187,0.12449443,2578
5499,0.12449312,2579
8400,0.124483645,2580
4876,0.12443286,2581
9775,0.1244303,2582
4205,0.124406815,2583
4643,0.12422359,2584
4945,0.12420583,2585
4448,0.12415397,2586
6431,0.12398058,2587
5261,0.12393862,2588
1507,0.12387508,2589
3525,0.12386042,2590
219,0.12383354,2591
4090,0.12372553,2592
7215,0.12370527,2593
7184,0.12367475,2594
8640,0.123607814,2595
5334,0.12357488,2596
8931,0.12351054,2597
1999,0.123426795,2598
2903,0.123368084,2599
1117,0.12332785,2600
998,0.12329584,2601
2344,0.12322444,2602
112,0.12318146,2603
8087,0.123172045,2604
5142,0.123087466,2605
8431,0.12302196,2606
6733,0.122959316,2607
7925,0.12291336,2608
6873,0.12287456,2609
3158,0.122770846,2610
169,0.12266475,2611
9754,0.122632444,2612
6863,0.12254298,2613
5836,0.122540295,2614
9716,0.122523546,2615
9874,0.12246603,2616
6729,0.12242228,2617
1469,0.12240976,2618
3486,0.12240678,2619
4236,0.12233585,2620
6433,0.122104704,2621
2811,0.122057736,2622
3519,0.12203109,2623
3027,0.12190992,2624
6395,0.12189835,2625
5557,0.121764064,2626
8356,0.12167442,2627
4359,0.121581286,2628
2972,0.121552944,2629
2683,0.12152153,2630
1774,0.12140602,2631
7432,0.121347666,2632
2749,0.12122762,2633
3950,0.12120569,2634
2837,0.1210897,2635
1228,0.12106383,2636
728,0.120818734,2637
4035,0.1207211,2638
5797,0.120633304,2639
7113,0.12061906,2640
4622,0.1205433,2641
8529,0.12049389,2642
4742,0.12046033,2643
2528,0.12041235,2644
4146,0.120298624,2645
6042,0.12024933,2646
267,0.12020445,2647
9869,0.120096385,2648
9502,0.12007719,2649
9398,0.12005824,2650
3557,0.11995053,2651
8351,0.11993188,2652
9568,0.119889796,2653
4003,0.119772196,2654
9517,0.119760275,2655
4533,0.119757116,2656
3545,0.1196841,2657
9707,0.11964971,2658
3845,0.11964768,2659
6605,0.11956525,2660
9458,0.11949319,2661
165,0.11945683,2662
7344,0.11941767,2663
2494,0.11938292,2664
980,0.11937678,2665
8772,0.11934137,2666
7496,0.11932272,2667
3268,0.11918622,2668
6529,0.11910099,2669
283,0.1190505,2670
7628,0.11903626,2671
2509,0.119032085,2672
1315,0.11899036,2673
3468,0.11896902,2674
256,0.11874372,2675
4312,0.11850196,2676
2686,0.11846715,2677
172,0.1183179,2678
8176,0.11830807,2679
2707,0.11822975,2680
8806,0.11810517,2681
6387,0.11809701,2682
4151,0.11806941,2683
8912,0.118041396,2684
5246,0.11800957,2685
4360,0.117991984,2686
6608,0.117886126,2687
8446,0.11785787,2688
8747,0.11783597,2689
9972,0.11781967,2690
6915,0.117712855,2691
9279,0.11768305,2692
6572,0.11756796,2693
8141,0.11752522,2694
6988,0.117514074,2695
3495,0.11750108,2696
4215,0.11746234,2697
6415,0.11740625,2698
2217,0.11733204,2699
4844,0.11727148,2700
458,0.117240146,2701
1187,0.117033005,2702
4304,0.11703026,2703
8744,0.11698699,2704
2278,0.116838455,2705
843,0.11677313,2706
4840,0.11675608,2707
8778,0.11665583,2708
9489,0.11653823,2709
3664,0.116470456,2710
1779,0.11637843,2711
6968,0.11632234,2712
991,0.116224766,2713
8620,0.116184235,2714
7707,0.1160534,2715
4890,0.11599958,2716
4327,0.11595607,2717
4615,0.1159212,2718
7071,0.115903795,2719
1436,0.11586052,2720
4652,0.115813136,2721
6916,0.11577189,2722
6319,0.115766466,2723
2969,0.115749955,2724
7178,0.11541629,2725
3333,0.11517435,2726
2771,0.11494768,2727
1493,0.11491573,2728
7584,0.11487836,2729
8263,0.11472362,2730
293,0.11468977,2731
3754,0.114587724,2732
7931,0.114516795,2733
2089,0.11448288,2734
4438,0.1144312,2735
9626,0.11439681,2736
720,0.11438519,2737
4480,0.114311576,2738
6796,0.11423683,2739
5561,0.114219844,2740
4986,0.11416215,2741
70,0.11415398,2742
7031,0.11414975,2743
6,0.114135385,2744
5298,0.11411041,2745
2582,0.114058495,2746
5406,0.11405289,2747
3179,0.11402351,2748
51,0.11399329,2749
8200,0.11398879,2750
8742,0.113886535,2751
2337,0.113877,2752
3216,0.11386019,2753
2973,0.113821864,2754
2388,0.11379266,2755
8444,0.113762796,2756
7386,0.11371523,2757
261,0.11371404,2758
507,0.113648474,2759
8015,0.11357856,2760
4917,0.11356121,2761
5546,0.113530934,2762
9308,0.11347404,2763
2240,0.1134485,2764
3270,0.11341363,2765
9833,0.113301516,2766
9086,0.113155186,2767
4213,0.113070786,2768
3986,0.11306965,2769
9481,0.113042176,2770
4857,0.112963915,2771
4349,0.11275929,2772
1816,0.11269283,2773
791,0.11268109,2774
500,0.112678945,2775
5576,0.11262679,2776
8552,0.11256051,2777
6777,0.1124987,2778
7198,0.112448156,2779
1172,0.11226195,2780
7451,0.112168014,2781
127,0.112158775,2782
5502,0.11212921,2783
7565,0.11210543,2784
2955,0.11210126,2785
4427,0.11200589,2786
8448,0.11192334,2787
9211,0.11165315,2788
5702,0.11159831,2789
996,0.111480236,2790
2723,0.11140907,2791
2980,0.1113469,2792
6218,0.11123651,2793
237,0.11121267,2794
747,0.11116463,2795
121,0.11111611,2796
5631,0.111106455,2797
2570,0.11104882,2798
7615,0.11099994,2799
8869,0.11098778,2800
7554,0.11097586,2801
1859,0.11086887,2802
103,0.11083096,2803
4861,0.11070871,2804
9114,0.11067104,2805
459,0.110666335,2806
812,0.11061674,2807
7841,0.11059475,2808
3242,0.11058748,2809
9178,0.110560715,2810
7745,0.11041176,2811
5638,0.11035967,2812
5,0.11031085,2813
6257,0.11025828,2814
7914,0.1102421,2815
4361,0.10988444,2816
9578,0.10979271,2817
6552,0.109703064,2818
3264,0.109702885,2819
7616,0.10970193,2820
4645,0.10968274,2821
732,0.10962933,2822
7179,0.10943204,2823
6332,0.10942364,2824
9671,0.109409094,2825
2320,0.10940343,2826
5140,0.10939646,2827
195,0.109354496,2828
2434,0.1093505,2829
4946,0.10934943,2830
1932,0.10932219,2831
2654,0.10927895,2832
751,0.10923302,2833
9523,0.10923284,2834
7354,0.10918689,2835
5955,0.10916954,2836
7250,0.10915941,2837
9973,0.10907072,2838
3651,0.1089136,2839
6241,0.108828366,2840
9642,0.10882777,2841
8563,0.10878134,2842
8018,0.10871118,2843
6407,0.10865545,2844
9902,0.10862714,2845
56,0.10855812,2846
6671,0.10850263,2847
4340,0.10846299,2848
5126,0.10841352,2849
6163,0.10826033,2850
7404,0.10812545,2851
2888,0.10805112,2852
2100,0.10804927,2853
805,0.10800868,2854
7085,0.10798991,2855
379,0.10798615,2856
7475,0.10795021,2857
4899,0.10793561,2858
3898,0.107919574,2859
4466,0.10788041,2860
2510,0.10785347,2861
573,0.10778314,2862
4572,0.1077137,2863
6782,0.107652605,2864
155,0.107602656,2865
5617,0.10748744,2866
6423,0.107486546,2867
9898,0.10740644,2868
9753,0.107345104,2869
3052,0.10727495,2870
7901,0.10717213,2871
4750,0.10715991,2872
5668,0.107113004,2873
7272,0.10705924,2874
6771,0.106986344,2875
4235,0.1069721,2876
7582,0.106871784,2877
2291,0.10679257,2878
5949,0.10665226,2879
7672,0.10655612,2880
6831,0.1064558,2881
2229,0.10643637,2882
8989,0.10636413,2883
9109,0.106348574,2884
463,0.10630202,2885
1271,0.10617787,2886
5935,0.10606587,2887
7516,0.10601199,2888
369,0.10597402,2889
9784,0.10594946,2890
4719,0.10592103,2891
8067,0.10584319,2892
727,0.10581809,2893
2734,0.10580599,2894
3061,0.10577029,2895
8295,0.105759025,2896
3318,0.10571319,2897
4186,0.10568708,2898
9641,0.10553551,2899
4354,0.10552889,2900
9503,0.105493665,2901
8927,0.10547763,2902
1847,0.10542476,2903
383,0.105421126,2904
9507,0.105294764,2905
9258,0.1052621,2906
1020,0.10524881,2907
2529,0.10521573,2908
3578,0.10509956,2909
5600,0.10506213,2910
6448,0.10502529,2911
1311,0.1050235,2912
63,0.10500562,2913
2745,0.10496098,2914
9966,0.10495615,2915
4882,0.10492635,2916
7662,0.10492289,2917
3032,0.10489607,2918
1786,0.10482502,2919
2002,0.104798675,2920
3870,0.10475916,2921
2918,0.104733825,2922
5644,0.10471928,2923
2309,0.10464251,2924
6096,0.10463691,2925
1823,0.104601085,2926
5598,0.104595125,2927
8914,0.10458195,2928
5734,0.10456765,2929
9699,0.10454208,2930
5548,0.1045081,2931
9463,0.104469836,2932
1219,0.104456544,2933
4991,0.104455054,2934
5865,0.1044544,2935
2160,0.10438985,2936
451,0.104322076,2937
5857,0.10428494,2938
2108,0.10412723,2939
3606,0.10409242,2940
5307,0.104046345,2941
5909,0.10393125,2942
5382,0.10392982,2943
1170,0.10391587,2944
2952,0.10385418,2945
90,0.10381663,2946
339,0.10368085,2947
3002,0.103663206,2948
1947,0.10362214,2949
9457,0.1034776,2950
9769,0.103458166,2951
452,0.10345566,2952
8823,0.10343504,2953
877,0.10333568,2954
4893,0.10330337,2955
5724,0.10326117,2956
1544,0.10322094,2957
211,0.1031428,2958
870,0.103113055,2959
4640,0.10305709,2960
5324,0.102978885,2961
7636,0.102947116,2962
3835,0.10292548,2963
5267,0.102898896,2964
8138,0.10284817,2965
7985,0.10282099,2966
6126,0.102810025,2967
9158,0.10279381,2968
6637,0.10275167,2969
3314,0.10270238,2970
7402,0.1026625,2971
5313,0.10259402,2972
6909,0.102526665,2973
2665,0.10249323,2974
4904,0.102449656,2975
3277,0.10240847,2976
4097,0.10238445,2977
7027,0.102214515,2978
2343,0.10220784,2979
34,0.10213804,2980
5342,0.10213274,2981
2341,0.102080286,2982
2268,0.10192722,2983
1165,0.1019119,2984
8213,0.10187566,2985
1370,0.10184342,2986
3613,0.10184193,2987
2807,0.101791084,2988
7212,0.10175884,2989
8891,0.10174763,2990
8594,0.101747036,2991
3511,0.101670325,2992
4393,0.10161984,2993
151,0.101609886,2994
2073,0.10150862,2995
3700,0.1014753,2996
2112,0.10146773,2997
2756,0.10146201,2998
1089,0.10139316,2999
9256,0.101336,3000
8710,0.1012367,3001
5562,0.101193786,3002
7526,0.1011706,3003
2563,0.10114145,3004
7876,0.10113078,3005
1104,0.10109484,3006
4989,0.10109401,3007
3466,0.10109162,3008
2323,0.101062775,3009
5104,0.10068989,3010
6646,0.1006372,3011
7897,0.10059613,3012
3869,0.10054171,3013
3048,0.100512505,3014
8701,0.100494325,3015
6458,0.1003896,3016
6840,0.10033929,3017
5765,0.10005504,3018
4197,0.10005492,3019
9014,0.10004777,3020
4967,0.09999657,3021
1831,0.0999797,3022
3195,0.0999158,3023
963,0.09983355,3024
6513,0.09976882,3025
5030,0.09972566,3026
6849,0.09965867,3027
6614,0.099651635,3028
5476,0.09962088,3029
1320,0.09961164,3030
6426,0.09959674,3031
8327,0.099582195,3032
859,0.09955323,3033
6661,0.09943855,3034
1410,0.09936565,3035
5554,0.09933829,3036
4856,0.0992164,3037
3439,0.09916377,3038
3397,0.09914899,3039
8797,0.09913367,3040
6374,0.0991115,3041
3448,0.09907967,3042
3472,0.09902501,3043
6709,0.09901619,3044
423,0.09899229,3045
7079,0.09894413,3046
4834,0.09888816,3047
2039,0.09882802,3048
6595,0.09881562,3049
7025,0.09873974,3050
3522,0.0987156,3051
2668,0.09866089,3052
1970,0.09847379,3053
9464,0.09837538,3054
9725,0.09833056,3055
769,0.09827924,3056
2290,0.09824544,3057
6236,0.09820306,3058
4331,0.09814268,3059
2364,0.09813309,3060
6882,0.097895324,3061
3381,0.097874105,3062
6200,0.09787059,3063
1113,0.0977937,3064
7702,0.09774852,3065
1494,0.09773958,3066
7163,0.09773189,3067
9424,0.09771228,3068
3539,0.0976553,3069
8493,0.09763056,3070
8864,0.09757924,3071
1915,0.09742397,3072
8395,0.09740955,3073
2020,0.09739387,3074
2857,0.09738797,3075
8560,0.09734118,3076
2111,0.097329915,3077
2273,0.09732413,3078
6010,0.097283304,3079
5280,0.09716284,3080
9888,0.097121775,3081
4727,0.09711766,3082
8110,0.09710044,3083
9021,0.09708148,3084
4909,0.0970813,3085
9496,0.09699017,3086
2025,0.09696871,3087
1945,0.09693003,3088
36,0.09686214,3089
3447,0.09683919,3090
1878,0.09677237,3091
6456,0.09666538,3092
2958,0.09648764,3093
5833,0.096396625,3094
5357,0.096333265,3095
1944,0.09632027,3096
753,0.09627569,3097
6455,0.09613985,3098
8798,0.09603959,3099
6689,0.09601498,3100
6132,0.09599215,3101
6295,0.09598434,3102
2574,0.09596872,3103
2985,0.09596366,3104
5421,0.09592736,3105
5179,0.09569126,3106
5034,0.095653474,3107
3961,0.09556025,3108
6877,0.095502675,3109
7758,0.09540439,3110
8128,0.095357716,3111
6876,0.095356554,3112
8606,0.0953086,3113
3851,0.0952304,3114
6891,0.09522015,3115
935,0.09519023,3116
926,0.09518248,3117
1641,0.095101,3118
8561,0.094996095,3119
4164,0.09498125,3120
8392,0.0949415,3121
2028,0.09485465,3122
3180,0.094786644,3123
2226,0.09473032,3124
1256,0.09472448,3125
5123,0.094706535,3126
5902,0.09467167,3127
3738,0.09463054,3128
729,0.09462142,3129
3814,0.094578445,3130
8959,0.09455699,3131
7776,0.094521165,3132
3068,0.094513476,3133
8050,0.09442222,3134
1691,0.09438521,3135
1393,0.09436786,3136
9986,0.09434265,3137
7965,0.09423989,3138
4095,0.094186604,3139
3013,0.09416461,3140
2435,0.094114244,3141
2201,0.09408194,3142
5700,0.09404814,3143
3118,0.09397626,3144
5380,0.0939616,3145
5967,0.09389025,3146
8486,0.09387231,3147
8496,0.093735516,3148
3280,0.09373027,3149
4650,0.0936383,3150
1265,0.0935384,3151
2725,0.09352857,3152
4476,0.093520105,3153
7763,0.09350628,3154
6643,0.09328103,3155
1896,0.093265414,3156
328,0.09317535,3157
9174,0.093143165,3158
2289,0.09313309,3159
1700,0.09300947,3160
6966,0.092933714,3161
8320,0.09291667,3162
5565,0.09282851,3163
6894,0.09275007,3164
8541,0.092678666,3165
2420,0.092613816,3166
8026,0.092600584,3167
5466,0.092571855,3168
555,0.09256518,3169
5844,0.09256202,3170
2611,0.09246576,3171
9478,0.09230751,3172
9749,0.092223346,3173
4993,0.09219736,3174
5876,0.09208977,3175
6926,0.09181076,3176
8943,0.091789424,3177
9856,0.09176272,3178
7048,0.09174144,3179
4311,0.09173089,3180
4802,0.091722906,3181
8963,0.09171456,3182
3599,0.091641724,3183
8464,0.091626406,3184
2855,0.09161621,3185
1262,0.09152195,3186
3677,0.09144509,3187
594,0.091438174,3188
2092,0.09143567,3189
3415,0.09139377,3190
3533,0.09122789,3191
3745,0.09119785,3192
7721,0.09109998,3193
698,0.09103221,3194
6688,0.09092605,3195
8474,0.090794265,3196
6064,0.09076452,3197
9036,0.09067279,3198
8105,0.090650916,3199
5994,0.0906024,3200
4144,0.090536,3201
8538,0.0905174,3202
6902,0.09051049,3203
8575,0.090337396,3204
4910,0.090198815,3205
9997,0.09014988,3206
1661,0.09014958,3207
9610,0.09014392,3208
9096,0.09009057,3209
6693,0.08995241,3210
5859,0.0899089,3211
4088,0.08988118,3212
7237,0.0898602,3213
9408,0.08978695,3214
964,0.08975428,3215
4401,0.08973867,3216
4287,0.08973831,3217
820,0.08973789,3218
5355,0.089722216,3219
1611,0.089610636,3220
2287,0.08959347,3221
5299,0.08940947,3222
1879,0.08939612,3223
5883,0.08933896,3224
4526,0.08916777,3225
1248,0.08912361,3226
1898,0.08908576,3227
8579,0.089013994,3228
8249,0.08899796,3229
4959,0.0889498,3230
3037,0.088947,3231
9825,0.08887386,3232
4860,0.08883703,3233
8481,0.08883065,3234
5218,0.08883017,3235
6401,0.08882791,3236
2499,0.088764966,3237
3688,0.08875561,3238
1685,0.08875078,3239
3259,0.0885846,3240
6813,0.08842611,3241
4707,0.08830845,3242
5636,0.08826077,3243
6712,0.08824617,3244
8587,0.08823842,3245
4024,0.088232815,3246
5551,0.0882169,3247
5913,0.08818489,3248
3565,0.088177204,3249
600,0.08814806,3250
1855,0.08813435,3251
714,0.08811474,3252
7660,0.088098824,3253
7358,0.08806157,3254
2404,0.08803183,3255
6927,0.08799833,3256
9733,0.08794588,3257
266,0.08792162,3258
4441,0.087840855,3259
9300,0.08781618,3260
7502,0.08776367,3261
6665,0.08775908,3262
3098,0.08773363,3263
954,0.0876587,3264
157,0.08759886,3265
2405,0.08759606,3266
2819,0.08757651,3267
395,0.08754939,3268
2064,0.087528706,3269
307,0.08751458,3270
2926,0.08739984,3271
9891,0.087372005,3272
1492,0.087347746,3273
28,0.08731848,3274
2107,0.08728808,3275
692,0.087236345,3276
7893,0.08718395,3277
9675,0.08718151,3278
3234,0.087094545,3279
67,0.08707827,3280
3502,0.08706814,3281
3479,0.0870083,3282
5861,0.08698112,3283
6265,0.086915195,3284
5376,0.08682561,3285
6684,0.086773634,3286
3051,0.08667904,3287
9002,0.08662844,3288
7815,0.086616874,3289
2537,0.08655757,3290
4908,0.08654261,3291
8096,0.086515784,3292
6639,0.08647406,3293
3005,0.086378634,3294
3400,0.086274326,3295
4823,0.08624172,3296
2280,0.08619404,3297
6820,0.086098194,3298
8250,0.08599824,3299
9732,0.08598739,3300
8422,0.08597386,3301
9990,0.08583909,3302
1056,0.08581704,3303
2243,0.08581239,3304
8822,0.08580148,3305
8381,0.085795164,3306
8066,0.08577478,3307
8848,0.08571756,3308
7573,0.08570856,3309
4229,0.085644364,3310
8873,0.085606694,3311
7169,0.08555144,3312
4006,0.08551133,3313
5538,0.085407495,3314
1920,0.08524197,3315
2330,0.085174024,3316
1242,0.08513743,3317
2778,0.085116446,3318
705,0.085094154,3319
685,0.08496773,3320
361,0.084961355,3321
2011,0.08493161,3322
9789,0.08490777,3323
5111,0.08490598,3324
8167,0.084902704,3325
2705,0.08490223,3326
5505,0.08482826,3327
3608,0.08478081,3328
6094,0.084775686,3329
4382,0.08473474,3330
7512,0.08464545,3331
2766,0.08460057,3332
9540,0.08457476,3333
8854,0.08456802,3334
3087,0.084554255,3335
1137,0.08452952,3336
1428,0.084469974,3337
1411,0.08443582,3338
4375,0.08442819,3339
7420,0.0844273,3340
5525,0.084319234,3341
6962,0.08430654,3342
9897,0.0841977,3343
724,0.08414161,3344
6991,0.084032476,3345
2239,0.08386701,3346
1603,0.083862066,3347
8256,0.08382219,3348
3719,0.0838151,3349
7147,0.08379704,3350
8872,0.08378565,3351
9516,0.08373195,3352
7033,0.083682895,3353
1054,0.083670676,3354
2883,0.08356184,3355
2234,0.08350307,3356
9219,0.08349186,3357
9549,0.08342147,3358
1324,0.083377,3359
9948,0.08330846,3360
3168,0.0832935,3361
1270,0.083292544,3362
6418,0.08329177,3363
8269,0.08325726,3364
2742,0.08325684,3365
19,0.08324313,3366
1039,0.083177626,3367
8210,0.083128214,3368
5071,0.0830726,3369
5979,0.08302444,3370
4198,0.08299476,3371
7924,0.08298719,3372
6544,0.082978964,3373
8596,0.082972705,3374
8966,0.08286029,3375
9548,0.08275223,3376
7221,0.08272272,3377
246,0.08269423,3378
1294,0.082665145,3379
5233,0.08263892,3380
4561,0.08262408,3381
2722,0.08262402,3382
5794,0.08259797,3383
3857,0.082579136,3384
5729,0.08256179,3385
7778,0.08250654,3386
6584,0.082381845,3387
4373,0.08226788,3388
978,0.082149565,3389
9820,0.082148075,3390
7337,0.082148015,3391
1574,0.08207476,3392
2750,0.08200812,3393
1834,0.08199853,3394
92,0.08185667,3395
4691,0.08166593,3396
6615,0.081626594,3397
5683,0.08161703,3398
4642,0.081608534,3399
5486,0.08157796,3400
9164,0.081573725,3401
7642,0.08147776,3402
8375,0.08138609,3403
5444,0.08134407,3404
6985,0.08132678,3405
6810,0.08125198,3406
3581,0.08122319,3407
7678,0.08114797,3408
5934,0.08113074,3409
150,0.08107227,3410
6278,0.081048906,3411
9539,0.080997765,3412
4971,0.08090997,3413
6499,0.080810666,3414
5300,0.08080733,3415
4210,0.08079296,3416
684,0.080780625,3417
135,0.08076084,3418
5281,0.08075827,3419
4992,0.08072972,3420
7523,0.08071011,3421
4341,0.0806312,3422
7007,0.080572486,3423
4303,0.08054516,3424
6465,0.08046782,3425
5085,0.08034885,3426
3388,0.0802905,3427
6300,0.08021939,3428
9456,0.080207705,3429
7828,0.080188334,3430
1002,0.08017498,3431
3386,0.0800491,3432
3517,0.08004314,3433
8399,0.080041885,3434
9512,0.080004156,3435
1331,0.079996765,3436
9326,0.07995856,3437
132,0.079836845,3438
4518,0.07972711,3439
6261,0.07953477,3440
9662,0.079527676,3441
7349,0.07951963,3442
7899,0.079500556,3443
6247,0.07949424,3444
73,0.07948613,3445
9550,0.07945782,3446
3026,0.07941127,3447
5739,0.07923967,3448
3091,0.079215825,3449
7509,0.07920915,3450
1408,0.079192996,3451
2445,0.07916665,3452
6383,0.079091966,3453
800,0.07908994,3454
3493,0.07907188,3455
5420,0.07904434,3456
5174,0.079027355,3457
7740,0.07897067,3458
1099,0.07896882,3459
5132,0.078924,3460
3692,0.078908324,3461
5255,0.07884365,3462
6862,0.07883453,3463
2981,0.078814924,3464
2962,0.078745276,3465
831,0.07868266,3466
6491,0.078677416,3467
6691,0.07866061,3468
9419,0.07864827,3469
2000,0.07858622,3470
2046,0.078568876,3471
138,0.07854861,3472
9872,0.07853997,3473
6376,0.0785256,3474
340,0.078525245,3475
1718,0.078443944,3476
5937,0.07841325,3477
247,0.07837522,3478
7356,0.078335226,3479
1412,0.07831222,3480
7014,0.07819235,3481
2383,0.07799846,3482
476,0.07788777,3483
8815,0.0778442,3484
3676,0.07782054,3485
3278,0.07781327,3486
1278,0.07780039,3487
4226,0.07766354,3488
5905,0.07762164,3489
3580,0.07762158,3490
5511,0.077507615,3491
4464,0.0774681,3492
2687,0.07737696,3493
7846,0.07733941,3494
202,0.07723218,3495
5101,0.076960504,3496
8672,0.076957166,3497
4599,0.07695496,3498
6497,0.076890945,3499
7577,0.0767982,3500
5928,0.07678574,3501
2817,0.076756775,3502
2292,0.07673365,3503
3798,0.076731145,3504
445,0.07671183,3505
5144,0.076704025,3506
6226,0.07665551,3507
7564,0.076643884,3508
510,0.07662451,3509
3128,0.07655865,3510
4737,0.07653177,3511
5343,0.07648814,3512
3799,0.076458395,3513
3711,0.07634884,3514
6655,0.07630634,3515
7194,0.0763008,3516
1180,0.07629746,3517
8877,0.076265156,3518
1599,0.07626057,3519
7563,0.07623708,3520
3547,0.07622433,3521
1396,0.07620686,3522
9648,0.0761354,3523
464,0.07606846,3524
9511,0.076021016,3525
9361,0.07599807,3526
115,0.075921535,3527
7146,0.07585889,3528
9102,0.07580167,3529
4251,0.07574403,3530
9915,0.07566905,3531
5180,0.07558483,3532
2702,0.07555467,3533
8828,0.07549107,3534
6111,0.07542807,3535
5578,0.075392544,3536
742,0.0753808,3537
6175,0.075332165,3538
9684,0.07529664,3539
6943,0.07529241,3540
477,0.07526064,3541
8876,0.075182736,3542
9587,0.0749411,3543
5428,0.074912906,3544
6973,0.074867964,3545
1832,0.07485598,3546
2650,0.07482582,3547
1988,0.07477224,3548
9575,0.07476264,3549
2719,0.07474673,3550
6647,0.07468611,3551
7579,0.074655,3552
2481,0.07463765,3553
6178,0.07456654,3554
50,0.07456404,3555
2457,0.0745545,3556
5027,0.07449937,3557
5750,0.074474394,3558
2224,0.07444173,3559
7992,0.07444018,3560
755,0.07442975,3561
9585,0.07442105,3562
3908,0.07438934,3563
5176,0.07434189,3564
6610,0.07433647,3565
6378,0.07426685,3566
2783,0.07417244,3567
7205,0.07413864,3568
6145,0.07412624,3569
8997,0.07407516,3570
1790,0.074031234,3571
4294,0.07394034,3572
5563,0.073939264,3573
7700,0.07386291,3574
7750,0.07377046,3575
5626,0.0737589,3576
5405,0.0737499,3577
53,0.07370812,3578
4679,0.073698044,3579
6949,0.07366121,3580
8849,0.0736323,3581
9949,0.07356346,3582
2860,0.073517084,3583
8677,0.07351643,3584
5850,0.07348329,3585
5679,0.07348257,3586
1795,0.07339364,3587
8865,0.07338351,3588
5163,0.07337707,3589
9908,0.07333219,3590
8774,0.073325515,3591
5080,0.07328689,3592
3123,0.07328659,3593
9956,0.0732103,3594
8567,0.07320297,3595
706,0.073161066,3596
3307,0.07315761,3597
4647,0.07314718,3598
7528,0.073115945,3599
4001,0.07311559,3600
5508,0.07310009,3601
3018,0.073088944,3602
6593,0.0730415,3603
321,0.07302755,3604
1339,0.07300341,3605
9712,0.07299012,3606
486,0.07296258,3607
6969,0.0729385,3608
6238,0.07290614,3609
5725,0.072876096,3610
7531,0.07287508,3611
7608,0.07286191,3612
1758,0.072844744,3613
5491,0.07282114,3614
5099,0.07279992,3615
3535,0.072741926,3616
9051,0.07270658,3617
6865,0.07258874,3618
1466,0.07257557,3619
6623,0.07251382,3620
4266,0.07251078,3621
6012,0.07246792,3622
6037,0.07246745,3623
4854,0.07245952,3624
509,0.07237315,3625
8857,0.072368324,3626
5440,0.0723089,3627
3771,0.07227838,3628
5455,0.072241664,3629
2288,0.07221198,3630
3204,0.0722006,3631
5295,0.07209045,3632
990,0.072081506,3633
5345,0.072055995,3634
9676,0.072033405,3635
3566,0.0720247,3636
7399,0.07185876,3637
4163,0.071838915,3638
4170,0.07181281,3639
7717,0.07177138,3640
1381,0.071762025,3641
6516,0.071742356,3642
9274,0.071724355,3643
1481,0.0716452,3644
7444,0.071626544,3645
6116,0.071594,3646
1042,0.07156277,3647
827,0.07154989,3648
4225,0.07151258,3649
5425,0.07150078,3650
1590,0.07143891,3651
9899,0.07142925,3652
6375,0.07136822,3653
7718,0.07135707,3654
5120,0.071321964,3655
2885,0.07131344,3656
7083,0.071294785,3657
7885,0.07124108,3658
7183,0.071240485,3659
1929,0.07123536,3660
5978,0.07120597,3661
8139,0.071162224,3662
4323,0.07114965,3663
8052,0.07106334,3664
583,0.071052074,3665
4184,0.0710088,3666
6727,0.07099825,3667
5596,0.070968986,3668
5735,0.070865035,3669
5090,0.07079065,3670
5016,0.07075894,3671
6138,0.07075572,3672
7143,0.0706085,3673
6589,0.07047421,3674
4604,0.0704543,3675
8792,0.07045245,3676
3952,0.07040018,3677
1563,0.07034552,3678
1607,0.07027143,3679
5676,0.070264876,3680
2206,0.0701884,3681
4714,0.070171475,3682
5510,0.070153534,3683
35,0.07015133,3684
1768,0.07014269,3685
8115,0.07004535,3686
3906,0.07003373,3687
6074,0.070011675,3688
6997,0.070001125,3689
2953,0.069936454,3690
3044,0.06983262,3691
3514,0.069811046,3692
2688,0.06972128,3693
4963,0.06958842,3694
1780,0.06956059,3695
9678,0.06945205,3696
2715,0.06943214,3697
938,0.06940466,3698
8585,0.069377184,3699
3086,0.06936896,3700
6506,0.069291234,3701
7507,0.069248855,3702
4043,0.06921452,3703
5591,0.069173515,3704
4430,0.06908828,3705
2082,0.06896949,3706
7289,0.06895238,3707
9612,0.068829894,3708
6182,0.06880301,3709
1897,0.06879026,3710
974,0.06867516,3711
190,0.068656445,3712
644,0.06860751,3713
116,0.06857252,3714
2406,0.06856811,3715
7518,0.068562925,3716
5352,0.06854844,3717
5047,0.06844354,3718
8531,0.06844038,3719
6101,0.0683741,3720
5996,0.06835216,3721
4635,0.06833869,3722
4886,0.06826794,3723
8339,0.06821978,3724
9342,0.06808919,3725
4960,0.06807083,3726
3805,0.0680632,3727
1327,0.068047166,3728
4831,0.068020046,3729
9356,0.06793815,3730
300,0.06791848,3731
5558,0.067910075,3732
8536,0.06790429,3733
2830,0.06788838,3734
7154,0.0678696,3735
7746,0.0678308,3736
8690,0.0677709,3737
5212,0.06774497,3738
9661,0.06774229,3739
4730,0.06772488,3740
2872,0.06768185,3741
176,0.06762785,3742
7050,0.06760931,3743
8605,0.06760085,3744
9441,0.06758118,3745
8870,0.067505,3746
7078,0.067466676,3747
1126,0.0674327,3748
868,0.067419946,3749
850,0.06736809,3750
614,0.0673604,3751
7798,0.06735486,3752
1259,0.06735164,3753
822,0.067274034,3754
3428,0.06726575,3755
3382,0.06725448,3756
6104,0.06720054,3757
7046,0.06713605,3758
2901,0.06709653,3759
5190,0.067073286,3760
1506,0.067044556,3761
9762,0.06704247,3762
5966,0.067004025,3763
1328,0.0669018,3764
5653,0.06687057,3765
8878,0.06684935,3766
6273,0.06683642,3767
2990,0.06678563,3768
2667,0.06673175,3769
6260,0.06671834,3770
1524,0.066717744,3771
2625,0.06664151,3772
4768,0.06661171,3773
6141,0.0666005,3774
7390,0.06658,3775
9064,0.06657547,3776
7108,0.06657505,3777
2187,0.066572964,3778
2920,0.06646645,3779
6613,0.066449285,3780
4124,0.06637436,3781
3104,0.0663293,3782
2838,0.06624627,3783
9341,0.066197336,3784
1941,0.06619382,3785
6735,0.06616509,3786
5321,0.06610429,3787
3903,0.06610179,3788
3014,0.06609577,3789
5726,0.066087365,3790
3275,0.06606966,3791
1427,0.06594521,3792
2826,0.065916896,3793
1014,0.06588507,3794
8884,0.0656963,3795
694,0.065615535,3796
9963,0.06561041,3797
7311,0.06559974,3798
9373,0.065547645,3799
4493,0.06553644,3800
5890,0.06551999,3801
9268,0.065466166,3802
9233,0.06543487,3803
6068,0.06538999,3804
796,0.0653646,3805
9083,0.06535876,3806
3947,0.065357804,3807
8358,0.06532085,3808
8987,0.065312445,3809
1672,0.06531191,3810
752,0.065289855,3811
8084,0.06527436,3812
4732,0.06526637,3813
4779,0.06525928,3814
3912,0.06518459,3815
7436,0.06516451,3816
173,0.0651474,3817
6171,0.06514031,3818
1783,0.065138936,3819
5136,0.065127075,3820
6728,0.065080285,3821
3783,0.065069795,3822
3413,0.064953744,3823
2050,0.06489313,3824
9965,0.064891815,3825
221,0.06488097,3826
154,0.064813435,3827
6146,0.064803004,3828
2762,0.0647288,3829
64,0.06472576,3830
788,0.064677775,3831
3893,0.06459129,3832
739,0.06452048,3833
558,0.064445674,3834
2005,0.06439483,3835
6097,0.06437087,3836
9868,0.06433123,3837
1443,0.06430739,3838
5150,0.064275384,3839
7620,0.06422871,3840
8302,0.06421578,3841
6861,0.064180136,3842
6001,0.06417,3843
245,0.06414187,3844
8412,0.06409484,3845
3402,0.06408739,3846
1605,0.06408244,3847
9197,0.064053714,3848
8724,0.06403351,3849
2558,0.064005315,3850
2451,0.0639472,3851
6828,0.0639444,3852
1342,0.06392348,3853
6982,0.06390029,3854
4103,0.06388956,3855
1908,0.06383169,3856
3750,0.06381172,3857
3084,0.06374842,3858
3334,0.0637182,3859
4639,0.063637614,3860
5708,0.06360775,3861
8379,0.06355119,3862
8763,0.063527286,3863
9697,0.06344384,3864
100,0.06341636,3865
2754,0.06339544,3866
7185,0.06339419,3867
783,0.06339157,3868
9555,0.06338251,3869
8530,0.06334305,3870
6662,0.063331544,3871
3773,0.06330192,3872
824,0.06324148,3873
798,0.06317687,3874
6306,0.06306267,3875
2978,0.06304228,3876
9601,0.063032985,3877
1856,0.06302756,3878
1463,0.062972605,3879
9349,0.0629316,3880
9934,0.06293148,3881
562,0.06288707,3882
3811,0.06287807,3883
6153,0.062859476,3884
1391,0.06276667,3885
1354,0.062741935,3886
3675,0.06272465,3887
8837,0.06266546,3888
3100,0.06261361,3889
766,0.06258571,3890
9068,0.062580526,3891
3945,0.06256789,3892
8243,0.06255257,3893
42,0.062509,3894
7655,0.062389314,3895
1715,0.062361658,3896
5012,0.062357903,3897
5256,0.062347054,3898
158,0.06232536,3899
4785,0.062191665,3900
7219,0.062124252,3901
331,0.06207931,3902
7201,0.062013626,3903
3140,0.06188631,3904
5821,0.061852276,3905
8251,0.061802745,3906
8350,0.061790705,3907
1993,0.061725795,3908
9028,0.061704993,3909
8282,0.061695814,3910
9195,0.061680913,3911
3045,0.0616374,3912
1554,0.061588645,3913
5515,0.061459064,3914
5583,0.061456263,3915
8305,0.061419606,3916
2718,0.061343133,3917
4454,0.061303556,3918
9545,0.061167657,3919
9911,0.061124563,3920
5830,0.061101735,3921
5832,0.061071455,3922
8114,0.06106776,3923
4424,0.061067402,3924
9796,0.061010897,3925
4162,0.060894847,3926
506,0.06089121,3927
6664,0.06086886,3928
5378,0.060848713,3929
7225,0.060832202,3930
4122,0.060777664,3931
6992,0.060635388,3932
1868,0.06060356,3933
38,0.060577333,3934
5896,0.060549617,3935
4156,0.060543716,3936
2276,0.06049812,3937
213,0.0604738,3938
5518,0.060457826,3939
4302,0.060260534,3940
5662,0.06019014,3941
9471,0.060141206,3942
9577,0.06014055,3943
4171,0.06012404,3944
5705,0.060091197,3945
7848,0.06004572,3946
8036,0.06001234,3947
5148,0.059978724,3948
1842,0.059935927,3949
8208,0.05992174,3950
2233,0.059895635,3951
113,0.05988407,3952
109,0.059840262,3953
818,0.05983329,3954
5519,0.059794545,3955
828,0.059698522,3956
8510,0.059596777,3957
3919,0.0594787,3958
7470,0.05946529,3959
