member_id,uplift
234,0.5824330395182656
8460,0.5618343464063159
297,0.5496494945216593
6247,0.5229217456807682
2869,0.5164038791831931
2960,0.5025754368549824
4556,0.4999810199710783
347,0.49168851393934243
7341,0.48417672488496644
5723,0.4798064910360223
7934,0.4776630297243227
6753,0.47583900061066053
3562,0.4554786945389325
6560,0.446591922857564
2910,0.4439069004049085
9577,0.4408981010673988
2887,0.43918714490930494
2943,0.43731148701813083
1797,0.4323937462909093
9517,0.4294176413016568
860,0.4269011491127145
5283,0.4267786163798933
5691,0.42445952283311394
1650,0.41922141208887076
9056,0.4016025147715017
8138,0.40110737535588237
3795,0.39846348689413263
5775,0.39461739985000777
6640,0.3899567792690912
8530,0.38978803118100025
768,0.3820566917522719
3582,0.3769545862806729
2518,0.37045216667767444
5938,0.3699116891928935
5791,0.36339104021886
4575,0.36203055732606293
8030,0.36120427066277966
9078,0.3608572901971623
2705,0.3569260700428126
4524,0.3560604792606544
898,0.35393334413010663
1283,0.3509953136324431
5452,0.35067911418784664
8898,0.35064142075305815
5179,0.3490658620617722
6420,0.3490019175252088
9994,0.34843100587097
3603,0.3483039910896789
4085,0.34765104650309797
674,0.34756577261352867
7089,0.34671910801545563
3818,0.34550157171595125
8223,0.3448455095520238
3051,0.3447410242271698
1614,0.34429067800362895
6440,0.3436105543528831
4845,0.342380728130115
6235,0.3388038430821423
8044,0.33708507903484963
1468,0.33538607458956304
707,0.3345260350643671
2680,0.33371403451699283
6788,0.33345742626550695
7565,0.3317127720479395
7866,0.33055467779806696
7168,0.329372342600539
1786,0.32708564789940137
7333,0.3257740049461614
1668,0.32507868701302767
3449,0.32150425832674245
2780,0.3206436604087632
3928,0.32003027241170534
8665,0.31764736978489355
3717,0.3168083755735315
1914,0.31627696691256596
3505,0.31581620762318513
4207,0.3149233635615156
4410,0.31413742936792893
8749,0.3133941054467385
6711,0.3126687021336519
4426,0.3094744627195323
7468,0.3091439552744554
9480,0.3085686869885741
938,0.3085448750529345
1411,0.30834309488233264
8210,0.30817715681150554
1894,0.30734950566884617
7261,0.3064110114508775
9288,0.3058798483613504
3773,0.30484220617154134
7205,0.3034544777228686
6814,0.30297669538661526
3005,0.3021789220775119
5439,0.30098505618726157
752,0.29922206392428885
5603,0.2961332341940341
7411,0.29502042650225807
2436,0.2947045043734021
7667,0.29413212066199085
6999,0.2884257449644317
6229,0.2880013823011035
3966,0.28707116657705845
4111,0.28571808508233004
9328,0.2855753113913413
6480,0.2846405261038981
3963,0.28267709289607557
3575,0.2822040630141575
155,0.2807850955345317
2993,0.2799638666979452
8061,0.27901687732413194
6462,0.2788173265970522
1474,0.27879082594726146
6418,0.2783412298587564
4084,0.27814306487674223
9122,0.2781429949842784
5835,0.2776837148698346
5673,0.27718755907654774
1771,0.27586979953102986
3996,0.2755722271736692
3501,0.2727362429548756
6,0.27259742222557715
5208,0.2672308412953598
7976,0.26362432854989704
1366,0.2635733402629792
6363,0.2627155495497386
8469,0.2617263210834966
6070,0.26137922691265825
4093,0.261026612243938
5950,0.2604084481220713
4687,0.2600171600751072
4967,0.25732455574077556
6138,0.2544170770987976
8295,0.2542724067820827
7602,0.2541115721055985
9376,0.25257371616086477
245,0.251762916826331
6525,0.2503028659440135
123,0.24985185945290844
4206,0.2489878084701974
2282,0.24853846861232204
3961,0.24853218624539192
9127,0.24794768271309475
4069,0.24689232393722688
6725,0.2464892078752365
9973,0.24554956193945748
9607,0.2454919892329427
4580,0.24501426003689433
6276,0.24487896195788572
1079,0.24477440222614566
4019,0.24441983773701242
8657,0.24422298553650468
1780,0.24315770993101748
42,0.2427578010441859
971,0.24143833549847954
2719,0.24060676478177234
9269,0.2404911896019159
6482,0.2402901801673415
1776,0.23888766039170573
802,0.23770309706270365
1094,0.2368884658193502
6877,0.2367580896809953
7878,0.23572955564674908
3593,0.23516957495115878
4218,0.2351151592003034
7741,0.2348369750972232
8994,0.23474115557973607
3506,0.23424410710816645
8884,0.23396428668394864
907,0.23393661949450273
6347,0.2336017569486668
3033,0.2329035707359034
4385,0.23285261956970182
5171,0.23283965979857923
2610,0.23265092326856296
1654,0.23173732833221794
9562,0.23157959007681034
26,0.2311425594126903
4754,0.22991346187922418
6155,0.22963919507308578
3123,0.2288981553365591
4016,0.228777749006338
7615,0.22783115466960469
4215,0.2273421763063342
8382,0.22727361596024714
7475,0.22708823271477396
4235,0.22603196900987033
8825,0.22579868718306748
3944,0.22575582029893565
5113,0.22534807825386827
6919,0.22512120375644368
6796,0.2251174148499448
9967,0.22482422401440166
2377,0.2247148017446643
7666,0.2245339381829296
3634,0.2238981138051047
1813,0.22283257110025922
7286,0.2211383806233499
5945,0.2196223925955031
9923,0.21960374983374192
4992,0.21940601386147457
7687,0.21882938261088075
6601,0.21882189398322482
4464,0.21836232121149382
3853,0.21691405226394572
4741,0.2155054678137036
4095,0.2155001818923683
50,0.2151330100218556
8876,0.21416666741559698
7148,0.21377500352727202
929,0.21318820605432404
4234,0.21299799838305783
3333,0.21193241660402706
6135,0.21180947398672728
2120,0.21126316418141872
4910,0.21050838065119393
8442,0.21027710084806367
2745,0.20996648691399156
4166,0.20826036009998838
4925,0.20709353637044742
5859,0.20697386725435168
2807,0.20688426183546815
9647,0.20536530584264717
9696,0.20500839264309945
1999,0.20465316459791577
6460,0.20463130304256433
7472,0.20353732532504398
7896,0.20352381908429507
3482,0.20295500513631043
8785,0.20245201543157865
2277,0.2019750367545597
206,0.20144324911409583
3258,0.20128488092275598
7251,0.20090112400221066
889,0.20001227212640882
6454,0.1998521313335445
3147,0.19905914944635944
173,0.19840714082402272
5145,0.1978256481537488
698,0.19672372887467515
2881,0.19655310433976103
6430,0.1951614832174186
48,0.1946226852992624
9781,0.19381454725643754
8361,0.19358440390047843
728,0.19332803198147358
5748,0.19293704830957153
7996,0.19266566788286837
8777,0.1925165222517553
5509,0.19231090936241368
5290,0.1922972920168341
7590,0.19227097507395807
9811,0.19218522018809076
6889,0.19186189340162488
3866,0.19182218040104387
1565,0.19175236535049534
3630,0.19174337248820317
6917,0.19173940198619732
868,0.19157209250591556
199,0.19124614234607817
8328,0.19118930870934858
8165,0.18988603135221532
7088,0.18975453568231337
9009,0.1890622334999425
2716,0.18810115812108796
1598,0.18775636179312405
9408,0.1874536576354538
1948,0.18684427541549065
810,0.1857263251237854
5483,0.18561176105930555
4939,0.18531236920146052
3988,0.18523900932934556
161,0.18489261668077084
3467,0.18430124504229028
7465,0.18398070255126958
4141,0.1835025967928578
1365,0.18321253179198185
9213,0.18275027795525267
9708,0.1824073003980768
4145,0.18195023109095987
8534,0.18169103165319223
3072,0.18089719483043454
1718,0.18055920733226366
8346,0.18009079388352917
6226,0.18002623887476557
4285,0.1799125350238303
4346,0.179823471036544
3945,0.1798116195945385
2242,0.17953955008219324
4983,0.17941166912786854
3109,0.17919063789150685
6510,0.17871230588901776
5323,0.17855661865139622
6395,0.17855615123671248
2007,0.1783022512684136
4042,0.1772428689319974
8635,0.17697316715382125
3386,0.17662050308672037
4338,0.1765393691087917
5849,0.17628247805667485
4482,0.17524171828633994
2983,0.17459643989295998
7346,0.17385249277280357
5227,0.17366955754655458
6968,0.17362720687686528
4282,0.17286933536241772
6394,0.17249032084234717
6086,0.17240231998916505
9995,0.17227967843707404
5663,0.17198382751039393
1992,0.17152059370425832
6804,0.17145386051765482
4017,0.17112551954299426
6778,0.17108230076835695
7278,0.1707746237354517
7092,0.17010024836135101
6736,0.17007261853318106
1481,0.1699661662701219
1488,0.16887922917146608
7198,0.16869752929937332
8320,0.16827181184822534
454,0.16823759047185105
2245,0.16806399297517294
5675,0.16739509398897823
5901,0.16727924559490814
276,0.1672426848945181
1799,0.16711350098836464
6516,0.16667228394909717
4842,0.1664050146076741
1233,0.16625472395036267
8865,0.16499969025237887
6485,0.16426811640925526
4751,0.16410191083239933
6367,0.16316489304726023
7891,0.16264347182712835
2084,0.1620899040516841
2702,0.1620491059401829
8282,0.16141995985321
7886,0.1605024537816474
2725,0.15918618454271372
4784,0.1589899366936613
705,0.15831915952588316
3320,0.1582161115912612
8667,0.15802550821595684
6273,0.15765060873683845
7039,0.15743152182832076
5361,0.15659489108247257
4901,0.15577315648863133
5488,0.15538633608489427
4794,0.1548927919490477
7723,0.15477509328546557
293,0.15439232094760508
4226,0.15405452531499259
1299,0.15361703970578186
5548,0.15342462286234687
6818,0.1526982166812163
6381,0.15262277120504875
6269,0.15248095607141138
8369,0.15242763192609288
8492,0.1523989308317636
6626,0.1516294452284772
9448,0.150318460773758
8497,0.15010874610645308
2733,0.14999269583797326
9180,0.1499864509475729
4774,0.14958504240715964
7020,0.14946928859033584
5214,0.14919834621681627
3243,0.14915819052362683
9872,0.14842810656633987
6225,0.14840439939150574
8792,0.14827407516194935
7601,0.14761443134538121
5401,0.14725652320428984
9287,0.14557600946633031
8623,0.14546706029194295
7311,0.14509994459166958
6940,0.14466584464433507
3322,0.14456517980034217
9537,0.14449850936597597
4968,0.14442354984537387
6973,0.14367558067458291
2643,0.14353694849755272
8621,0.14352635911245226
6995,0.14318610388594905
4383,0.14290607514016007
5807,0.14227773715491854
2654,0.14217526699484395
8050,0.14174398909444696
3329,0.1416792855493585
710,0.14149941091895224
2820,0.1411091239938118
3974,0.14069898914288967
8742,0.13954348838524927
2490,0.13947439624514635
745,0.13903664764502438
9915,0.138967678166862
7662,0.1387330848543047
6526,0.13845454481567504
6415,0.1381485366774789
5852,0.137781561302518
9154,0.13766711574560764
418,0.13761963334980887
6035,0.1375735097937747
18,0.13751343692023643
7563,0.13704641547619606
573,0.13703764278774228
4807,0.13702021261587755
9667,0.13656391392296224
4188,0.1351123076025459
6698,0.13487314464376726
3354,0.13484372584058124
5099,0.13468118215023311
1791,0.13363387564589368
3443,0.13362256777398335
1906,0.1335936179436315
8576,0.13308416864164097
9879,0.13294624295846597
2309,0.13274884845348883
4238,0.1324353023344914
7913,0.13217644082857816
3368,0.13209316905154106
1104,0.1317569726113732
2864,0.1316905780048514
2532,0.13155350333008864
9706,0.13135923934659194
6115,0.1312783754510286
35,0.130721668174069
9739,0.1305250173400812
5516,0.12949012335977605
2369,0.12934884560370807
1242,0.12932622517503495
6911,0.12863575819535
8602,0.12863403271226798
5918,0.12827006698940552
336,0.12794314015810226
9608,0.12718886084744735
1971,0.12666581855567194
4704,0.12654460298156067
6943,0.12628401723942317
1404,0.1262411828986734
8426,0.12621059781470023
4126,0.12618460888110322
1587,0.12585129926173733
409,0.12561399095764847
7219,0.12528787943818842
7026,0.12500681298992333
7611,0.12494959147983975
6320,0.12465104920800546
3608,0.12419510063186162
8794,0.12419506210201336
3412,0.12406547860547912
3491,0.123676752353475
7338,0.12308608102891494
4124,0.12303504829646988
4122,0.12300433828649926
72,0.12280711275625233
4840,0.12276595898844672
5617,0.12255101988446726
8042,0.12191330310794468
9043,0.12148167373174135
3185,0.12129967225542804
8868,0.12129923082772542
5328,0.12116121965117455
2202,0.12115894508610031
1008,0.12089078371846945
7738,0.1207090244768107
8164,0.12052415270923911
3564,0.12051977383123086
1642,0.12022281354226938
9563,0.11959240456987885
2255,0.1193915980663734
9148,0.11931157859038755
3433,0.11917480147547485
1246,0.11889190128860405
2512,0.11886249486084821
2305,0.11883128102401253
3284,0.11876683060686666
8845,0.11872129315688928
9551,0.1186796112861675
7097,0.11837033062186314
776,0.11835718057840489
3172,0.1182312281366377
100,0.11822414929567451
8147,0.1178237200087493
7599,0.11748887867350644
5558,0.1169361696327284
7872,0.11672023203690149
9899,0.11631366787883951
993,0.11593504016063061
2112,0.11586015020271748
1167,0.1156724505999035
4342,0.11513019355451481
9978,0.11459002455226952
8942,0.11441903375272167
9800,0.11375187770114764
4938,0.11359920846315918
3377,0.11330479171288077
7900,0.11300259811191637
8115,0.11291574838259599
4305,0.11284927131002337
8601,0.11228786791158232
7610,0.11227300728625314
5503,0.11226054019351445
8200,0.11225962694400093
5694,0.11168701543062592
5519,0.11152215301382573
3867,0.11143388364727524
474,0.11134625395749442
936,0.11109901526083482
8731,0.11080733899374623
4725,0.10978013207852533
247,0.10930234818229806
7608,0.1091053186919606
6589,0.10897692854129992
5131,0.1084940592716469
8755,0.10766628609407636
7652,0.10761327671334897
969,0.1070863215472525
5427,0.10690823238965746
4447,0.10686240832996788
5085,0.10673189114968723
8372,0.10672187052665943
3874,0.10627839606627237
6046,0.10587233675956317
5135,0.10582877244753464
8966,0.10570210158427218
8899,0.1054280446262944
549,0.10504719190429002
4643,0.10462316498526492
5561,0.10445171229936945
3871,0.10418772918694841
5550,0.10414335883368128
7748,0.10385281277177127
5493,0.10362536843823561
8629,0.10360130932147099
5777,0.10301602430047743
2615,0.10264637737200011
9911,0.10249897481228509
4729,0.10237288260901634
7301,0.10131844820071167
7242,0.10130584329082715
1428,0.10103390038945975
4830,0.10071575198530436
1035,0.10044906335019266
1856,0.10031646121788362
8084,0.09973336457258875
9242,0.09895672541930667
4327,0.09885125561303987
2888,0.09839881050388877
3525,0.09802149159229023
7329,0.09732688119200794
5166,0.0970749387592754
7764,0.09706658237085364
5129,0.09676217750031765
6212,0.09669672729669349
6236,0.09622049059218829
7707,0.09603126120045247
3645,0.0953467652530402
8879,0.09512522771859477
4953,0.09487690844446417
3001,0.09481459403996295
8117,0.09452221174833725
7855,0.09415144006390075
7356,0.09414340624468348
1212,0.09383967941723165
447,0.09380842231595676
3395,0.09378221009214671
7824,0.09357548273286992
3893,0.0930318796756866
4799,0.09284080332697003
2388,0.09266195235915914
6305,0.0922541643267453
5325,0.09195953746698765
3267,0.09174267642932543
3120,0.09153250054643036
3888,0.09091182330296377
3851,0.09079959834326251
5447,0.09071530557828089
8017,0.09066238323039827
8663,0.090626817219085
2139,0.09017051495331796
3262,0.0898495137886951
7650,0.08967721214674557
1896,0.08868339113054002
3177,0.0883594191435621
416,0.08802425304647343
7027,0.08786312065228108
5779,0.08785120061392127
5797,0.08780095690235046
7835,0.08696446232672772
9125,0.08662008468580995
228,0.08622470889067746
6378,0.08619012581274563
8727,0.08602601990785963
6628,0.0858579227876814
3869,0.08568555871377165
6156,0.0855053839375598
2222,0.0851786510740079
188,0.08434033733596732
2909,0.0842506233183094
6251,0.08412286434632771
6707,0.08407138546258325
1483,0.0834019058247788
2175,0.08334422338435261
6506,0.08314549647809549
1176,0.08202595405223645
2477,0.08201876274040587
7336,0.08198073685493107
7051,0.08136162346208436
3178,0.08129602334332431
2668,0.0811200595841477
5428,0.08110380574669496
5957,0.0808033983518398
445,0.080659747699733
4184,0.08047220418931889
6586,0.08007356875165128
1427,0.07976845901022689
9858,0.07973181063086682
1676,0.07962410766980643
8659,0.07885145402257074
1214,0.07824828843053722
2334,0.07783893538243802
308,0.0774344608008441
4260,0.07709771244561026
716,0.07692712944779123
6282,0.07687736203564993
9636,0.07686104585975956
4758,0.07643188930790612
1506,0.07640068197627381
9277,0.07631064045420749
6304,0.07550556814969792
2573,0.07500808065433062
131,0.07492950426958223
1099,0.07444819342595094
8364,0.07429407480403544
3424,0.07378096937711509
8855,0.07372229962431198
1113,0.07302997633248903
2795,0.07301059151982836
844,0.0729873868931924
2701,0.07288396900349758
6030,0.07271515779110271
4937,0.07244330198592547
1382,0.07225984534344079
150,0.07224051494955241
2777,0.07222010282878277
4606,0.07218419527211789
8054,0.07216683604353591
1726,0.07185632509351636
7284,0.07166157022308356
8566,0.07163469756058016
1855,0.07149737306518439
8937,0.07127243296976804
6335,0.07079433870968885
2655,0.07070636501534311
506,0.0705811019559539
2586,0.0704025741816382
9280,0.0701214402443534
3929,0.07007668582284476
261,0.06988461313121141
6773,0.06946996115620979
4153,0.06943759507973613
9150,0.0694146484003792
4468,0.06934501705783874
4768,0.0690613801466432
1076,0.06902965465242855
6561,0.06887183198907942
1047,0.06885911160305863
4197,0.06845992827877267
4055,0.06811589587828704
9768,0.06790877695275976
6783,0.06767350197607097
3053,0.06763367965524525
1674,0.06727846040361801
4826,0.06698174119103556
3862,0.06681955820907104
4240,0.06674548788724283
3073,0.06650575061076369
8650,0.06637070186933605
5814,0.06624428021639017
7939,0.06607248145379774
3151,0.06598443544095478
1586,0.06586022650003526
5316,0.0655781053768758
1820,0.06556303166174249
7227,0.06532760307803048
1029,0.06523002216263846
7038,0.06516207247663919
1339,0.06499349706342339
5295,0.06493410605744959
9471,0.06459094217840478
9633,0.06432110069420238
8186,0.06426856989964835
8027,0.06419724940981253
3260,0.0639803867976036
6126,0.0638552541293729
1347,0.06353893030857471
6813,0.06339542475706658
7672,0.06339383389730063
3921,0.06339295245126542
5584,0.06335358041914751
3787,0.06255972153176637
5157,0.062116116611346084
6853,0.06196677241517412
9977,0.061826879301161985
8920,0.061751472086605586
7408,0.06165706508014085
1554,0.06128872259271245
6160,0.06124111267084126
7822,0.06117835497579732
6616,0.06116210892045437
1202,0.06114171945198488
9900,0.06098107908215927
9822,0.060849410553868666
2337,0.0607476748263166
64,0.060742872915774404
3160,0.06049954561959614
6842,0.059818088576549244
9572,0.05970829244620601
4723,0.05955212728889872
4843,0.05954480913138971
1150,0.0593078395964749
1560,0.059149006286796424
4656,0.05903672120682746
5631,0.05877478472435099
6111,0.05854128829902183
9802,0.058335136667279075
1115,0.05832567441113312
7418,0.058056954886391954
9534,0.05786306868810537
5995,0.05765139649625217
6478,0.05738138240692814
6195,0.05737528236932904
2788,0.057318000434471106
5016,0.05692374605278905
3350,0.05691820560117783
8056,0.056803936101659847
7884,0.05641186332334702
7669,0.05623582274611283
5602,0.05614117457129619
1270,0.05593073666593901
4249,0.05554620093148721
4750,0.05551827933943754
3135,0.05543390501168788
8377,0.05541840986004681
9374,0.055345501841659483
5212,0.05530495670018831
2840,0.05461068496326382
4302,0.054496075766703345
2041,0.05426108447561517
121,0.054204525395580794
7189,0.05402444663493694
5250,0.053747051296143544
5504,0.05364384951294421
2569,0.053398410949206276
2036,0.053335851661383216
9898,0.05326683525837972
9664,0.05323200859983396
7559,0.05310880552928876
9665,0.05299547248306369
9346,0.05288680139696797
9788,0.052841878949999144
7558,0.05264806901121946
4431,0.05248435384418859
729,0.052216834344192775
769,0.05211011938896998
6662,0.0518330857278938
4548,0.05163950783160276
8513,0.0515875623346691
5662,0.05102017451475954
6397,0.050745513208961646
5971,0.050457804559980834
5068,0.050259137355992634
975,0.04994833782067243
3169,0.049613929050878025
3723,0.049059409971489415
4136,0.048590455279834854
2924,0.04846741087850648
406,0.04818582170616281
407,0.048009681206478416
2510,0.04776621335438308
4554,0.04724019659663779
6469,0.04712053170289804
2548,0.0468207344265867
2618,0.04587658410498879
7015,0.04535869832805084
772,0.04532881850764425
9273,0.04509945654263764
7849,0.045079011023082455
4837,0.04436988005994286
3268,0.04423921660917063
4703,0.04416788176433456
4310,0.04411500863070733
6331,0.043659847868763424
8498,0.042828817981027056
2002,0.04276770423158793
2994,0.042449632719726293
4077,0.04205423205637582
8549,0.04187794001590245
4319,0.041503777770382
9869,0.041425562289929385
1802,0.04123449698507409
1149,0.04000553550053673
7085,0.03997449425307492
5966,0.03991741216259986
562,0.03980011698619479
8769,0.03974063320418347
8772,0.039663103722258675
6032,0.03943986629378671
5451,0.03934817083573611
7180,0.03928335011219902
1940,0.03917174994031747
7613,0.0390827859713582
4808,0.03852316144824913
4574,0.038266012240286584
4682,0.038119547102903495
835,0.037590838732583065
3858,0.037268307603834594
1138,0.03713766876605151
2349,0.037091518256178124
5296,0.03700144476285594
3497,0.03669869372084783
8226,0.03669693098955662
9083,0.03648664372121607
5899,0.035850545752855956
6514,0.03502738905887476
4477,0.03425892189951657
1267,0.03412796733287872
5706,0.03400962698352289
9074,0.03352663903402178
2341,0.03346002760947586
2455,0.033374769998014475
5862,0.03326329747347806
4137,0.03306745969016206
616,0.033060643990115546
1361,0.03244494279836474
2231,0.032257596463282856
7202,0.03213572645174767
1022,0.03183676724702911
7211,0.03152937394673749
2296,0.031347537714980556
7752,0.03119294840949957
1226,0.031057204321020437
51,0.030785517966773646
4393,0.03075420588942762
621,0.030178318215338673
8993,0.02987264507699533
4898,0.029596603999991977
7247,0.02955853619509302
812,0.02893098579411424
3809,0.028320828260503805
859,0.028025788600685386
2206,0.027910804027100777
9669,0.027859611877293133
7071,0.027663828757273357
279,0.02725207731621271
6250,0.027079593893435727
4890,0.026804451719887046
6766,0.026693713239068217
9215,0.02631104152350719
98,0.026068454670043928
9816,0.025973195831052953
5904,0.025418433022769138
7554,0.024378683634083465
4806,0.02427333703174958
2069,0.02418988204710526
2871,0.02417830096670287
9675,0.024092265785277345
1412,0.023870908481707365
3504,0.023725189047840878
5189,0.023640985238168932
7035,0.02328342262194788
5224,0.023163718205671313
6688,0.022315549838677284
9338,0.02127101197078607
9630,0.02074679419685188
6948,0.020719644903605866
4041,0.02065759583102056
1934,0.020375024205650738
7535,0.020351342660780147
3457,0.02033498654182392
9453,0.020049348230948727
5583,0.019966635672400368
1932,0.01985771518027213
1443,0.019725447988476252
9917,0.019470512709588716
2718,0.019347156006290667
4552,0.019333696634843966
4152,0.018767849363298506
1385,0.018526081792450466
1588,0.018217939603023703
9554,0.017941447852240555
9177,0.017866018143773865
8521,0.017090204426533973
9237,0.016774951936420868
10,0.01645125799460284
5500,0.016198866543850277
168,0.015967505017803307
6142,0.015869103847900634
493,0.01557425957658376
143,0.015480807945620845
5124,0.015479015783106176
8733,0.015192633573057335
1924,0.014247689329317359
5679,0.013812004333861372
7859,0.013211834907242759
2792,0.012813244299633542
6290,0.012515586425830283
4428,0.012473953423056905
7043,0.012372013838563678
4762,0.012359826136006946
8262,0.011530220176598327
6947,0.011027119848605826
1777,0.011008943961109185
7434,0.010780423677444806
3841,0.010754771123380968
528,0.010727844072697224
3746,0.010642862315545565
9621,0.010412939843343072
3920,0.010347935156191368
7612,0.010305173521481359
816,0.01026126690374951
2352,0.010193572262296224
6511,0.010180099124537212
6429,0.009912695008757022
9200,0.009670278345587202
8036,0.009326894094933036
1112,0.00912720741096823
5746,0.008905253922607603
8389,0.008654687635080704
9031,0.008434127175754424
8680,0.00834149547945992
4474,0.008292639986517858
847,0.008036492897736891
6843,0.007987421307111608
9650,0.007963068167801957
503,0.007422725032269595
7993,0.007225016130544271
5792,0.007146523224917267
7045,0.007004102812556423
9020,0.006995805348790601
8854,0.006735764538323752
4043,0.0060451773260148944
8301,0.0059090648235802234
9750,0.005859156512114494
9343,0.005222826315035678
3956,0.005203234408901469
9528,0.004651873045407984
5071,0.0046035426919635025
2772,0.004602252775872562
138,0.00388517166291219
3184,0.003541799977138549
9905,0.0035169434687805368
9987,0.003399699620204255
266,0.0032410848339794462
5764,0.00308416678244533
3079,0.0027648957261563467
7700,0.0025510249216036396
2374,0.002294359506708421
1256,0.002002044271695813
628,0.001761326936232932
4031,0.0017168492367720667
8525,0.0017093418750181444
3881,0.0011578428192557944
5518,0.000653435527822932
4718,0.0003900163557423175
5678,3.669758871777118e-05
6722,-2.1778531469451856e-05
1697,-2.4099616493342135e-05
2386,-0.0003758649058657193
4194,-0.0004694232789466124
6479,-0.0006620141580406802
5681,-0.0007884461252472275
8881,-0.001040956294113493
4425,-0.0010551165170823995
5735,-0.0011924090904171791
963,-0.00122315410259205
337,-0.0014539861119667874
1867,-0.0014821760142718354
5661,-0.0015137657500019497
413,-0.0016680765672287268
4018,-0.002403269304825484
2187,-0.0024561752599212006
29,-0.002508575501024457
5965,-0.0027674598939452233
639,-0.002769927444553927
8259,-0.0028520510533951993
484,-0.002876530109746811
5615,-0.0030573967909411914
5158,-0.003627932475015583
1458,-0.004182104658879582
556,-0.004282582917459976
4128,-0.004326136443998041
9465,-0.004473483449406179
2180,-0.004545645911868325
9908,-0.0050328323706136935
684,-0.005095512633293664
8672,-0.005220645844248806
6137,-0.0052356858612812585
7521,-0.005283512057595197
2750,-0.005405385051698186
5174,-0.005419010092329757
4300,-0.005566118520339169
6009,-0.0057434825918031285
9359,-0.006149701088455861
702,-0.006351305254279127
4417,-0.006537154421954905
4708,-0.007155978451611311
2797,-0.007216029173792937
6072,-0.007228598560313049
5786,-0.007318948425029337
1767,-0.007335094109160889
3919,-0.007478469611425398
7193,-0.007515823926955878
9993,-0.008204739396423077
5444,-0.008216786584945568
8802,-0.008242526121449933
9456,-0.009019124847844673
1976,-0.009482370464299672
1227,-0.009665838641871927
9826,-0.009822335821601524
3712,-0.009837630442330991
5176,-0.009987259663086001
5397,-0.010018580135277122
9178,-0.01013981974655187
6808,-0.010199016349363932
9730,-0.010217797524269434
6544,-0.0108302050249105
6432,-0.011462586093165916
8689,-0.011891203845443954
8129,-0.012135682424616934
5768,-0.012348997307630644
797,-0.012669745229137636
7371,-0.013183477823521472
3107,-0.013227985224350203
8702,-0.013253259426402458
4045,-0.013580690633523601
4070,-0.013780177090361168
9093,-0.014424633534633496
9790,-0.014429633336117631
1535,-0.014616981700528081
4407,-0.014680730116606533
8828,-0.014704158880896934
4676,-0.014789849562127588
6386,-0.01485398876673849
3155,-0.015123815805778706
5406,-0.015468174281562441
9459,-0.015617035436464172
9585,-0.01583013624675464
6114,-0.01592961383091529
3516,-0.01626839598532187
8396,-0.016786062392956214
6081,-0.016941222515231197
1486,-0.017457177001759916
6354,-0.017929360850256038
6385,-0.01845608644404309
3521,-0.018557766803135145
3527,-0.018567226202153564
998,-0.018631254470367176
9845,-0.019790274423515997
6001,-0.02023464350449694
3687,-0.020458378519976894
6077,-0.020497529036040962
3381,-0.02057699509072769
3190,-0.02059326204114198
2131,-0.02061442978380322
2390,-0.020701040574810814
7819,-0.0207157121886144
8927,-0.02091919154197161
8408,-0.021068145629382973
7502,-0.021095091268250543
7763,-0.02111587518971758
1032,-0.02132536431304677
1469,-0.02188363752630529
8571,-0.021893425493740182
9096,-0.02213011023295175
3054,-0.022148134135217823
9500,-0.022210423023786396
2688,-0.022522427844905657
4930,-0.022769839249666468
5926,-0.022785326849416143
4480,-0.02288155955538629
5884,-0.023048896255447593
3796,-0.023131570195177642
464,-0.02328874745520959
6658,-0.02378238290213852
8589,-0.02380980622222545
7471,-0.023882703109962544
6412,-0.02403737277263962
8714,-0.024144765475756835
2387,-0.02430427115987055
8322,-0.024415287880274916
4266,-0.024445987885657328
3528,-0.024891837351784046
4633,-0.02521243757635011
3088,-0.025448877792978164
5070,-0.025726641299716746
6936,-0.026047310999602447
6754,-0.026062744530459425
8467,-0.02620893386091455
5740,-0.0263071299120331
3484,-0.02650492442298591
2443,-0.026619639094483283
1003,-0.02674307128354869
7046,-0.027132924769416894
2627,-0.027144090634739493
2067,-0.027150559734662072
7256,-0.027390745781466164
235,-0.027724975885294392
4542,-0.028088039865285824
6382,-0.02868418723591032
2399,-0.02869264398441057
8222,-0.028707489639873962
512,-0.02902889953356247
9159,-0.029126020869188918
778,-0.02926071510476469
7140,-0.02972654008039477
2219,-0.029760607234553815
7762,-0.03036242345167428
2004,-0.030673749895937907
5049,-0.030806705648271315
3526,-0.030976862914910863
6171,-0.03110788527567887
9695,-0.03146086192190356
4318,-0.031470780264006515
4488,-0.0316046180840516
1639,-0.031825249131930855
8321,-0.03191922587214413
4492,-0.031969842651614844
1818,-0.032311776415222926
1942,-0.03238595113789958
4972,-0.03256889401641655
9743,-0.03266142472389155
6165,-0.032685595811955154
4869,-0.032970595787175316
3619,-0.03299418505315771
4919,-0.033392106532686316
2456,-0.034048142246269786
5586,-0.03410494360437738
3095,-0.03429737381829712
3599,-0.034461109003047774
7037,-0.034889930003085934
8929,-0.034970300063485116
9386,-0.035141296817820744
5909,-0.03528999493338042
9765,-0.035336875026741876
5172,-0.03545913211913093
5756,-0.035557861959636505
7204,-0.035812577558839154
1796,-0.03590863219346646
5318,-0.036292931958151586
7989,-0.036333091696442
9218,-0.03677794877266938
6768,-0.03691059951959502
5686,-0.037056316987376076
4659,-0.03714738553884811
3889,-0.03739175034422715
5473,-0.03742546727416318
1380,-0.03791882267517982
3900,-0.03797060750958514
6800,-0.03871333258223719
5424,-0.038728361341886175
5703,-0.03882875080633352
5976,-0.03948561974548481
2561,-0.03950750324628899
7954,-0.03998726848538853
3110,-0.040247475219350015
498,-0.04029741064330322
9354,-0.040460474998524426
5593,-0.04054290888183604
1712,-0.04128970465382831
1667,-0.041457785954587045
3271,-0.0415205558957944
8457,-0.04186657497354013
3860,-0.04204057727101068
5392,-0.042272709999260666
8308,-0.04239471537142092
2074,-0.04262719671110732
5319,-0.04292643933807194
5763,-0.04293848186585353
9864,-0.04297785607323301
3519,-0.04331153959010925
364,-0.04364459351248179
6164,-0.044114696515095475
1388,-0.04506395404405528
4025,-0.045099453962532454
2251,-0.045558945252096195
9672,-0.04559960183583922
7863,-0.046297510941675696
779,-0.04651504668630557
6641,-0.046819826394628394
7052,-0.04690981132113209
1496,-0.047396961128103765
6094,-0.04752183628498827
424,-0.04840801236216108
5964,-0.04860114585449404
9293,-0.0493422438152028
3820,-0.04936503683668225
1778,-0.04998601828819654
8761,-0.050134702544357146
8356,-0.05016717878129706
2438,-0.05031113078301386
6873,-0.05038872480278117
2597,-0.050663423439187505
5690,-0.050984504370751416
2407,-0.0513278040526145
5611,-0.05143896805830722
306,-0.052009493693855935
977,-0.05217477279323918
9352,-0.05228777556381048
3910,-0.05241792180713889
2737,-0.05258742940813255
195,-0.05298934119139742
6611,-0.053446607273746394
2666,-0.05360121518895744
5036,-0.05378450530978415
8586,-0.05385544847945378
511,-0.05396644542617324
7201,-0.054222496621758765
2834,-0.054246403245586994
9941,-0.05427167715997333
1268,-0.054355427258028305
9030,-0.05459054932204055
637,-0.05505284559515605
7957,-0.05524975571830948
3739,-0.05533015407232067
9920,-0.0558088738883491
4014,-0.0560004284375093
5997,-0.05611353568067956
9793,-0.05621112385445792
2417,-0.056486368914706875
2663,-0.05688059325439632
2934,-0.05720337067366041
8539,-0.057720154532989176
2578,-0.058070196162649856
4109,-0.0583189787347399
2189,-0.058453366050174704
6223,-0.05910683419317021
2021,-0.05920642548222502
5842,-0.05986294249160409
4132,-0.06006521929682146
6854,-0.060704687939240776
9624,-0.06079456767335817
3455,-0.0614837862697602
4252,-0.061496931247000064
6139,-0.06159576189184768
1686,-0.06160422619019812
7014,-0.06170370882070714
2731,-0.06194352816117682
8152,-0.06256389940411877
3515,-0.06259055399999286
7856,-0.06318040645691991
230,-0.06353205256380334
8983,-0.063595707439975
2397,-0.06441574436447223
6830,-0.06503047560986264
8491,-0.06505827746575493
2862,-0.06520668346298314
4309,-0.06522297521947501
4409,-0.06529800281347187
2003,-0.06538249946287095
7802,-0.06560719627965417
8434,-0.06568684670549063
82,-0.06577337670308103
6793,-0.06579574622484641
4493,-0.06656040195637519
2814,-0.06656707427695324
8624,-0.06688269524148494
1127,-0.0668994843605375
958,-0.06700525097579396
344,-0.06712795821587486
284,-0.06728935803102398
1954,-0.06757781849257571
547,-0.06780979169406343
2038,-0.06793539302071272
9490,-0.06807711738636824
8500,-0.06822887905330499
2121,-0.06827254934579946
6820,-0.0684504955973455
1521,-0.06853425449163875
5531,-0.06861921057518891
2604,-0.0686403513415107
3647,-0.06868337458401003
6549,-0.06899758011239332
4096,-0.06907943664873956
1599,-0.0695931435822792
9755,-0.06980300168845932
7938,-0.06982374163725114
5647,-0.06991514821468003
8160,-0.0705117089105299
7093,-0.0705309361312525
5688,-0.07069336464636877
1333,-0.07097801917785157
8970,-0.0713808160621918
3771,-0.07154349780784508
4445,-0.07162659086664142
446,-0.07162704554143834
8907,-0.07165468935655522
6443,-0.07182153981031608
7792,-0.07184970704181304
2157,-0.07187182387406815
240,-0.07191086570462779
1629,-0.07210462382615371
5152,-0.07243493246341065
2183,-0.07269250476092359
7477,-0.07315284965924068
8681,-0.07391558308821022
1185,-0.07392550039355283
4909,-0.07395033813680474
1074,-0.07465053847387232
3028,-0.07473458910790698
1581,-0.07515137212440426
6612,-0.07527348185551419
9325,-0.0755142718214975
3924,-0.07570749120611692
9048,-0.0759684813860082
8458,-0.07614346506500277
5704,-0.07638387973842975
2215,-0.07642240918200005
3429,-0.0765528479320709
9264,-0.07660965580839574
9783,-0.07670266300993767
2083,-0.07675290183462546
5156,-0.07684807255486686
4706,-0.077076918116501
7075,-0.07715130262260023
5782,-0.07742045836250544
3716,-0.07760507811277606
4094,-0.07788701144361249
2413,-0.07795587815291305
514,-0.0780222443201809
2761,-0.07849464993121236
3500,-0.07872554058653891
3296,-0.07889179466459906
9016,-0.07906221173958933
4912,-0.08000044992364114
6517,-0.08019986569939164
2898,-0.08049255018135826
9234,-0.08067247378444703
7980,-0.08103337059872127
3106,-0.0814047705466936
4292,-0.08168962106046129
5580,-0.08190252418732213
3376,-0.08208003960970822
7141,-0.08222003750977724
233,-0.08223943142588164
9882,-0.08240116375049178
6515,-0.08254930471454075
4244,-0.08258668124928303
8759,-0.08258930568269847
6334,-0.08271520234343688
5624,-0.08313942449070583
8762,-0.08321704268615635
3182,-0.08328293108107301
4714,-0.08534660885078171
365,-0.0857127060999292
5258,-0.08627988435698958
5304,-0.08629429615334253
7271,-0.08659469096858685
437,-0.08694230322330143
468,-0.08704143600768038
5138,-0.08745235347709036
3639,-0.08816918849619057
2178,-0.08824673832251545
5487,-0.08830202485323857
7985,-0.08866872540176923
271,-0.08875237926024598
6146,-0.08902609523713345
3311,-0.08917097991138645
8220,-0.08919444733763082
7813,-0.08959335664008794
2861,-0.08966252923115997
8819,-0.0900128932511814
6847,-0.09013051155220497
6730,-0.09016804243637533
9841,-0.09052196760267622
1986,-0.09082796474389421
7517,-0.09083783327819409
5045,-0.09086549452209905
8055,-0.09090009477905021
4678,-0.09114194655878372
9473,-0.09114626891432998
1911,-0.09131379484500479
6979,-0.09167172478429686
1462,-0.09302454690533901
2400,-0.09328357394801212
5843,-0.09328674123994199
4311,-0.09341741120762992
9928,-0.09356616373125376
8615,-0.09395077311787292
8021,-0.09415515148481957
7392,-0.09461655871780777
3492,-0.09549349746227823
8866,-0.09561807313307691
2605,-0.09579520934099284
7153,-0.09594970255612698
4430,-0.09601064505780532
5640,-0.09604416997116996
3023,-0.09644089805245876
8616,-0.09675666962407603
4100,-0.09757664753697654
8415,-0.09787417563314552
5805,-0.09797068878929062
2695,-0.09828289696892512
5699,-0.09948059677555954
104,-0.09963976970896715
3032,-0.09970484966987647
9684,-0.0998299442168562
1757,-0.09990626256909896
3825,-0.10038751448844552
1612,-0.10047046677854105
4395,-0.10103281178623719
270,-0.1011794821016917
9320,-0.10119828788189403
8653,-0.10138902872751088
3206,-0.10155992954541482
1081,-0.10159787634950268
7152,-0.10170267348454404
3481,-0.10174719056060344
6105,-0.10177954754891871
5090,-0.10192074874707246
6537,-0.10200197013759027
3718,-0.10253709074613623
4709,-0.10264100265709464
4123,-0.10264610061620733
6197,-0.1030253019381705
8136,-0.1032291083287451
1072,-0.1034622649181497
2633,-0.10351272885665452
6123,-0.10392487740175083
2557,-0.10409960021902193
1677,-0.10463361621505829
5198,-0.10480628263567487
7880,-0.10507180587384146
5733,-0.1054830769379553
3800,-0.10565964618723267
6203,-0.10572595241364358
6174,-0.10583186198574901
1230,-0.10583917585756569
9863,-0.10593473305030876
7773,-0.10599237987777377
2502,-0.10642168054003404
8526,-0.1064418956632488
2366,-0.10677049144260092
9626,-0.10681514420890714
1362,-0.10785892054586693
3321,-0.10811683979333825
6696,-0.10829108176885915
3568,-0.10830568611181945
5553,-0.10844639104513953
6534,-0.10876446644919222
3253,-0.1087693312762829
5787,-0.1087861462234927
7442,-0.10886154960168248
7766,-0.10951986363993943
495,-0.10988477668385482
2538,-0.11010951234110983
4555,-0.11030424174106068
1457,-0.11040652414589469
5931,-0.11114634024168635
4381,-0.11129176202044
8784,-0.11138503473295114
927,-0.11203494710090783
6080,-0.11244187393326122
5103,-0.1130005201542692
4746,-0.11328080807816765
6934,-0.11350555978078813
2726,-0.11378626278530979
4119,-0.11413716342176683
8974,-0.11448441748052718
9803,-0.11455230064766736
4392,-0.11523371682611266
539,-0.11532425117705902
1680,-0.11556081317962336
4187,-0.1156831832072458
6491,-0.11579766165454941
8451,-0.1159252272833321
8409,-0.11612001467585564
9760,-0.11681780822876714
345,-0.1172746217567498
1749,-0.11728339813753397
2045,-0.1175140146105339
6718,-0.11779787126737715
7864,-0.11845259583493284
4117,-0.1190521568543709
5101,-0.1192920459682737
6588,-0.11958341319366486
6140,-0.11966556735823619
9457,-0.11989005604206543
6978,-0.1201223251926089
7664,-0.12080014444390177
1190,-0.12080336228454014
8894,-0.12103282634739132
6259,-0.12107098680954947
2223,-0.12160357799602756
9688,-0.12175421285807853
1004,-0.12235340358594021
2480,-0.12298799861152487
5919,-0.12311479432061301
1255,-0.12363962661610439
2827,-0.12366370504068591
8829,-0.12416332914632
8439,-0.12422683453378841
9832,-0.12473187479956038
1569,-0.12477114979436799
434,-0.12509061321019838
7260,-0.1253596474301308
7404,-0.1254449670924881
5421,-0.1254775468507996
2258,-0.12555561825460013
2383,-0.1255724682500059
3666,-0.1256826466172246
7716,-0.12572880539545359
5929,-0.12623256441746133
1727,-0.12651758353937081
6592,-0.12687775241063648
648,-0.12708444936822744
2727,-0.12740614127541963
2659,-0.12765223226809919
8674,-0.12782387201476897
9365,-0.1279224049221428
5246,-0.12801894245140671
1541,-0.12804640165142622
5845,-0.12822764515013746
5762,-0.12828258943122628
2674,-0.1287311443452458
5552,-0.1289322204240586
5340,-0.12956220576540095
5022,-0.1295788897319038
4551,-0.12968576400051024
5985,-0.13009559409290528
5056,-0.13020711072654106
292,-0.13060736108053445
7710,-0.1307764085490289
4607,-0.13079259692154274
9007,-0.13096170266674345
538,-0.1311313345042594
3144,-0.13146700055313332
5829,-0.13156840275489032
9088,-0.1319478131362516
5597,-0.13230634813878756
9791,-0.13255987502143796
9576,-0.13259786538691182
1024,-0.13265467806127662
1489,-0.13338339226503765
4905,-0.1336061304063516
2227,-0.13377279931730035
3373,-0.13417861911784718
5879,-0.13435065862075957
6849,-0.13435322484348827
4279,-0.13447967947546224
6530,-0.1345585334476152
9782,-0.13495967079145021
2014,-0.13571935056308237
858,-0.13598965088214976
828,-0.1361758519802932
7679,-0.1363149225352593
6932,-0.1368981956934689
3308,-0.13708582449450968
8634,-0.13714216160515746
3207,-0.1373294141746791
3789,-0.13765638966895405
2107,-0.13776658388642107
4131,-0.13805369390547673
9934,-0.1381451574481855
6299,-0.1381999575370355
766,-0.13824345655779496
6024,-0.13828515298160882
790,-0.13847064911201679
1238,-0.1388576977737584
5443,-0.13890751911893479
3938,-0.13902157115621977
2582,-0.1396566523271982
1298,-0.14003387120672167
2558,-0.14037935293110726
3409,-0.14050654278569386
8219,-0.14099699238473487
3840,-0.14272721002424096
3949,-0.14341299788092626
6005,-0.1434252903584622
2484,-0.14393416913196888
9047,-0.14432617251169577
5372,-0.14451452488149685
3335,-0.14455519600387173
6938,-0.1447772958702385
1203,-0.1452134255407188
8387,-0.14528811240274575
9087,-0.1460490985412618
9828,-0.14706256886669417
7363,-0.14711334818927424
1309,-0.14728292327777903
1939,-0.14736023316679528
452,-0.14767320924943894
1832,-0.14815094842659654
2998,-0.14835871669105655
8754,-0.1489791181875743
65,-0.14899844184537636
1293,-0.1490058898260619
4601,-0.14946649419548047
6802,-0.14998764882238724
9042,-0.15047532518180176
7568,-0.15088815660262755
4847,-0.15104833993101496
8782,-0.15154553258973907
5391,-0.1516814544994226
4544,-0.15253657763614376
2962,-0.15303026928089025
9241,-0.15314112658229828
3670,-0.15327452937894837
1601,-0.15337413008023304
3090,-0.1535027535311833
1770,-0.15370209682615577
7591,-0.15385370393502162
6264,-0.1543582137450754
20,-0.15467917563361958
7661,-0.1551963684237031
7058,-0.15562135350405687
6052,-0.15606771857444324
2414,-0.15658284055527522
8748,-0.15663341305548945
6538,-0.15666026189738735
4372,-0.1567641240410525
2928,-0.1584050497919839
8961,-0.15848982965515412
2109,-0.1588144422575482
1400,-0.15958392123534915
6634,-0.15982618685256633
1045,-0.15988774385736854
9606,-0.16013185544259084
2145,-0.16014327721003246
2656,-0.16032825850299315
3595,-0.16067411782888574
8618,-0.1609108471444653
4576,-0.16147714300096083
6970,-0.16149931225394454
5228,-0.1616467903092676
7214,-0.1617756423303429
4179,-0.16217209684588732
5433,-0.16298889976409509
5608,-0.16341559487812352
6960,-0.16343476792100403
6054,-0.16406570338056414
5789,-0.164691764815193
6739,-0.1647507098562305
2015,-0.16523266953218074
6158,-0.16548506372052899
5080,-0.1654931679349576
591,-0.16581423256599132
5139,-0.16676970746370612
1551,-0.16747213783312834
3563,-0.16774392461195448
8684,-0.16778799566433078
7839,-0.1678319561810208
197,-0.16789468667284307
6488,-0.16795395668095342
2214,-0.16819283004620914
7270,-0.16836821172562683
482,-0.16847660681954318
7529,-0.1685823927019825
924,-0.16876228373297297
7167,-0.16966900097156357
4539,-0.1708099113043684
4763,-0.17092624747283636
4618,-0.17169316356101524
3733,-0.1718354756233179
7920,-0.1720913254834593
9071,-0.17245228249274525
8351,-0.1731092182271009
5303,-0.17339496434807572
9479,-0.17393716898202916
8483,-0.17456515407275008
1568,-0.1746939800079944
4315,-0.1748289668403362
2748,-0.17490652974597604
7851,-0.1754824154428013
1579,-0.17556444214019373
3176,-0.17579731481375047
4265,-0.1760628628769954
4255,-0.1762300659922844
7511,-0.1765730174344606
192,-0.17665582173702504
8499,-0.17668411575426368
5024,-0.17702607342667898
3557,-0.17767061428516223
4239,-0.17823511652858703
2913,-0.17905097548479243
3112,-0.17919991907586874
1921,-0.17927145729873506
8475,-0.1800652229749553
4362,-0.180139711587039
1058,-0.18031848849139737
2211,-0.18046887683401064
3193,-0.18166804708148698
1828,-0.1816891209448669
4466,-0.18234779801306394
1870,-0.18248828852362098
8225,-0.18258106811114827
3962,-0.1826455022564099
5393,-0.18285888972209596
3066,-0.18295875165396303
4273,-0.18317610586150257
2980,-0.183447417639599
5271,-0.1838432339725613
7398,-0.18568858918171294
3834,-0.18647220194802155
7489,-0.1865776197705597
5332,-0.18747905486737815
4546,-0.18758229123389153
5331,-0.18787191951156135
9144,-0.1881718360285934
8938,-0.18875394041324448
3254,-0.18925388371803742
7252,-0.1892886556324912
1321,-0.18967214611825117
6869,-0.1899789776399436
5844,-0.1913164603607539
4155,-0.19144525827589232
1217,-0.1914490707801821
9414,-0.1925580122253963
9349,-0.19270135185271542
8419,-0.19314889035543276
5092,-0.19438780136788114
339,-0.19442372049827905
5571,-0.19490121246587067
7151,-0.1955930832806273
2252,-0.1957128828730921
6255,-0.19615310584136658
8669,-0.19684865373809285
1563,-0.19763772527735368
9362,-0.19776638258544807
6351,-0.19808324099401747
1871,-0.1984804869079333
5588,-0.1985506765988897
8893,-0.19905735517195963
2790,-0.19965951433031054
9850,-0.19967828421297495
9844,-0.20054116560383184
481,-0.20063599792960252
1765,-0.20092396396703482
6893,-0.2013094744500427
3302,-0.20192268874984143
8557,-0.2019775618943636
7569,-0.20233118720353993
5213,-0.20279461551038963
144,-0.20323991038072434
4958,-0.20356184421829102
7803,-0.2036889543284997
9107,-0.20386015335606145
4465,-0.20437198386624858
6542,-0.2050044891889261
2472,-0.2069236806978626
2034,-0.20724000813020316
7869,-0.20800742241931014
5898,-0.20803338450738526
4529,-0.2082490987779439
1084,-0.20843872696454313
7454,-0.20849237627952022
457,-0.20969123703467252
359,-0.21081247405611162
1335,-0.21186117634654922
9155,-0.21241814730495734
9001,-0.2139960745171865
5992,-0.21400260190028014
5817,-0.21441034886808988
3384,-0.21626170968362138
3179,-0.2165552736231523
8473,-0.21713749036450536
2593,-0.21822086733677012
6293,-0.2183544794346261
8265,-0.21893596516861735
9979,-0.21935170431759604
3041,-0.21983398920336183
4534,-0.21989171295691579
9072,-0.22091196024771265
6603,-0.22140265304693207
488,-0.22407235482272708
8768,-0.22502150167736396
7216,-0.22565855160082832
9228,-0.22599499311051102
569,-0.22675742740166804
334,-0.2274734291057659
6368,-0.2276164139308718
9657,-0.2277006068789998
1477,-0.22906797756498087
1891,-0.22941799000724317
3020,-0.22958375487952665
9181,-0.2296498027461473
952,-0.23022835564420743
250,-0.23185012892496204
6890,-0.232299031087611
8338,-0.23384990172689038
7305,-0.23385883799005125
2808,-0.23585293655076311
4855,-0.23603923987297204
8678,-0.2362415089873724
3766,-0.23645742604043463
2365,-0.23663240260284898
5159,-0.23670506460134055
3547,-0.23756332140503594
5066,-0.23777174941122536
1640,-0.23802683947018066
6559,-0.2385332884432828
2220,-0.23899580505898813
1158,-0.240823259400418
6852,-0.24145831612968877
9918,-0.24178342463699093
4064,-0.2420151476708927
6176,-0.24203816286259494
923,-0.24264133315342035
1350,-0.24333732182244794
2503,-0.2435741519482556
9736,-0.24419917631251803
7982,-0.24628146710759347
1979,-0.24634031522549704
4149,-0.24686120662547167
8658,-0.2480524289816881
7689,-0.24821306213056982
1705,-0.24834324727592855
5130,-0.24896527725097223
1245,-0.2494088899327661
2536,-0.24977247582986498
3204,-0.25093206563597126
8955,-0.2512647888532745
6989,-0.25169566146204575
8238,-0.25179366879779586
6099,-0.2519166485004898
7428,-0.2526969775262543
3205,-0.2540029193996713
4263,-0.2540077150775002
793,-0.2554082319356528
5831,-0.25544312333143593
6159,-0.2555853334254559
316,-0.2564125071259719
2565,-0.2567013305964035
1453,-0.2567893179786911
4344,-0.25681775478825875
4764,-0.25886422544149196
8348,-0.2591411916701024
7975,-0.25938174713151846
2916,-0.2603373334456881
7011,-0.2617541161558211
5408,-0.26256679857027
4076,-0.26293566518181843
4080,-0.26341282432272717
5244,-0.26353591774410856
3456,-0.26448369615435163
6216,-0.26454813719295533
3865,-0.26465145647688876
2087,-0.26544857370627034
7510,-0.2665799010940989
1222,-0.26727075987198445
8013,-0.2680936991303974
8041,-0.2694135604841258
1080,-0.2698721192094967
7298,-0.2705646185459628
5771,-0.2705934257906024
6455,-0.2710991221493306
8184,-0.2711480696633821
8732,-0.2717986835099031
6016,-0.27263666998376296
6539,-0.2727769507912499
2423,-0.2728612684541028
8342,-0.2729684349882817
3055,-0.2733674204758491
6645,-0.2758497268223973
7331,-0.2760346432284979
1858,-0.27904013217820167
9878,-0.2799516053115789
6837,-0.28075307129767646
8818,-0.28097327045784065
6166,-0.282522712011243
6599,-0.28301391351507815
2863,-0.2848848200969718
5939,-0.2869855556015302
6281,-0.2876277838570264
3475,-0.28797591170143333
2371,-0.28829818805216983
9282,-0.2883596347247225
959,-0.28904230977554707
1930,-0.28969396883281634
7751,-0.2904244884632454
6921,-0.29175062791063827
8716,-0.29327135896845974
5920,-0.29355994989570466
7816,-0.2939213612695294
4980,-0.2957772385552583
2088,-0.2968676831220657
3937,-0.2986665332752949
3706,-0.3009706929135896
5279,-0.3013393544122844
9582,-0.3022973904097698
2609,-0.3034076980152467
530,-0.30359369119105384
1075,-0.3038655646034282
2051,-0.304475199274126
2158,-0.30481954893436114
7774,-0.3052119492011949
4399,-0.30546754606473014
7118,-0.3066162242162119
5630,-0.30786234931845047
7606,-0.3090878005390738
7237,-0.3092244576808435
762,-0.30998743581019284
4275,-0.3104400395833953
6839,-0.31158592223226533
9694,-0.31186816534392175
551,-0.3124903865712937
3752,-0.3126454470975578
3447,-0.31303369846430523
8425,-0.313411256501765
7641,-0.3135030102395445
3637,-0.3143630490785866
541,-0.31518814993955957
4089,-0.3160671232222387
3025,-0.3163952985456759
6004,-0.31661475442117104
7589,-0.31689646517582426
7111,-0.3196350646451793
4274,-0.3205152900729047
8676,-0.3223196865158686
4343,-0.32461240080597864
4816,-0.3251937315649874
1503,-0.32565560564647683
675,-0.3258254687373636
7210,-0.32661247513752384
429,-0.3275343893661611
9310,-0.3280565770305748
4565,-0.3281030142573141
6194,-0.3286076121998619
4801,-0.3315825007800687
2813,-0.3317698834528542
8352,-0.3335780499222052
9913,-0.33387582882107203
6289,-0.3347842295705856
7130,-0.3354788574713451
4668,-0.33640879343910757
3958,-0.3374439727381845
4885,-0.3374482826317127
5731,-0.3391151757451682
2504,-0.3402264971613502
2966,-0.3402943640192257
3279,-0.34228782450230166
3385,-0.34547034120171427
3976,-0.3460986238343018
5387,-0.3471610863484528
1951,-0.34747464455609467
8760,-0.3478814110439791
9106,-0.34842782103542336
5790,-0.34942277199464006
9281,-0.34954333035998814
9292,-0.351236370261955
291,-0.3523063338543314
2616,-0.3524433084210803
1307,-0.35795536930951344
9543,-0.3668706053111777
7740,-0.37032257963875354
3955,-0.3718513219784567
381,-0.37470607642331866
5651,-0.37684335699840843
5188,-0.3783246109694309
8950,-0.3796302126823695
6056,-0.3801409185176434
2381,-0.3874009181557774
6498,-0.39207592473206043
3592,-0.3928469843949366
8558,-0.3932755031285203
7964,-0.39521691150058896
2539,-0.4016111425990362
7385,-0.40162152853743005
7600,-0.40378435801871215
1695,-0.40804941216178053
9943,-0.41182376745054294
2401,-0.41763816562383577
5769,-0.4189054848502516
6845,-0.42940407753758325
3965,-0.430641755293148
2525,-0.43211565340036423
2419,-0.4373161964985649
8421,-0.43806359615033
866,-0.45942099760740096
7572,-0.4620849863450224
1157,-0.4629165160263704
1673,-0.465547809928096
7322,-0.46866636365002384
252,-0.4828251274397116
8846,-0.49447407624996104
9147,-0.5063318669743813
5081,-0.5074953940208826
9080,-0.5338819913981281
8345,-0.5378162925895449
9682,-0.6612562332729756
